,gid,cctv_yn,gbn,camera_yn,signal_count,rd_type,crosswalks_count,crsswlk_type,crsswlk_wdth,crsswlk_lngth,speed_bumps_count,fac_hght,fac_wdth,fac_lngth,fac_type,cctv_state,road_bt,child_zones_yn,acc_density
5,다사552086,0,없음,0,0,없음,0,0,0.0,0.0,0,0.0,0.0,0.0,없음,없음,0.0,0,low
18,다사554085,0,없음,0,0,없음,0,0,0.0,0.0,0,0.0,0.0,0.0,없음,없음,0.0,0,low
21,다사554088,0,없음,0,0,없음,0,0,0.0,0.0,0,0.0,0.0,0.0,없음,없음,0.0,0,low
46,다사557085,0,없음,0,0,없음,0,0,0.0,0.0,0,0.0,0.0,0.0,없음,없음,0.0,0,low
104,다사561083,0,없음,0,0,없음,0,0,0.0,0.0,0,0.0,0.0,0.0,없음,없음,0.0,0,low
114,다사561093,0,없음,0,0,없음,0,0,0.0,0.0,0,0.0,0.0,0.0,없음,없음,0.0,0,low
117,다사561096,0,없음,0,0,없음,0,0,0.0,0.0,0,0.0,0.0,0.0,없음,없음,0.0,0,low
135,다사562093,0,없음,0,0,없음,0,0,0.0,0.0,2,10.0,360.0,600.0,없음,없음,0.0,0,low
160,다사563097,0,없음,0,0,없음,0,0,0.0,0.0,0,0.0,0.0,0.0,없음,없음,0.0,0,low
183,다사564095,0,없음,0,0,없음,0,0,0.0,0.0,0,0.0,0.0,0.0,없음,없음,0.0,0,low
184,다사564096,0,없음,0,0,없음,0,0,0.0,0.0,8,10.0,360.0,600.0,없음,없음,0.0,0,high
218,다사565101,0,없음,0,0,없음,0,0,0.0,0.0,0,0.0,0.0,0.0,없음,없음,0.0,0,low
219,다사565102,0,없음,0,0,없음,0,0,0.0,0.0,0,0.0,0.0,0.0,없음,없음,0.0,0,low
228,다사566081,0,없음,0,0,없음,0,0,0.0,0.0,0,0.0,0.0,0.0,없음,없음,0.0,0,low
277,다사567100,0,없음,0,0,없음,0,0,0.0,0.0,0,0.0,0.0,0.0,없음,없음,0.0,0,low
321,다사569081,0,없음,0,0,없음,0,0,0.0,0.0,0,0.0,0.0,0.0,없음,없음,0.0,0,low
566,다사576089,0,없음,0,0,없음,0,0,0.0,0.0,1,10.0,360.0,400.0,없음,없음,0.0,0,low
585,다사576108,0,없음,0,0,없음,0,0,0.0,0.0,0,0.0,0.0,0.0,없음,없음,0.0,0,low
586,다사576109,1,없음,0,4,기타,0,0,0.0,0.0,3,10.0,360.0,600.0,없음,없음,0.0,0,low
587,다사576110,0,없음,0,0,없음,0,0,0.0,0.0,1,10.0,360.0,600.0,없음,없음,0.0,0,low
597,다사577083,0,없음,0,0,없음,0,0,0.0,0.0,0,0.0,0.0,0.0,없음,없음,0.0,0,low
624,다사577110,0,없음,0,0,없음,0,0,0.0,0.0,0,0.0,0.0,0.0,없음,없음,0.0,0,low
641,다사578088,0,없음,0,4,시도,0,0,0.0,0.0,1,10.0,360.0,600.0,없음,없음,0.0,0,low
703,다사579109,0,없음,0,0,없음,0,0,0.0,0.0,0,0.0,0.0,0.0,유치원,N,4.0,1,low
712,다사580070,0,없음,0,5,지방도,0,0,0.0,0.0,0,0.0,0.0,0.0,없음,없음,0.0,0,low
720,다사580078,0,없음,0,0,없음,0,0,0.0,0.0,0,0.0,0.0,0.0,없음,없음,0.0,0,low
722,다사580080,1,없음,0,0,없음,0,0,0.0,0.0,0,0.0,0.0,0.0,없음,없음,0.0,0,low
732,다사580090,0,없음,0,0,없음,0,0,0.0,0.0,2,10.0,360.0,600.0,없음,없음,0.0,0,low
777,다사581081,1,없음,0,29,기타,11,1,4.909090909090909,12.545454545454543,0,0.0,0.0,0.0,없음,없음,0.0,0,low
779,다사581083,0,없음,0,0,없음,0,0,0.0,0.0,0,0.0,0.0,0.0,없음,없음,0.0,0,low
787,다사581091,0,없음,0,0,없음,1,1,3.0,5.0,1,10.0,360.0,600.0,없음,없음,0.0,0,low
804,다사581108,0,없음,0,9,기타,0,0,0.0,0.0,0,0.0,0.0,0.0,없음,없음,0.0,0,low
826,다사582070,0,없음,0,0,없음,0,0,0.0,0.0,0,0.0,0.0,0.0,없음,없음,0.0,0,low
863,다사582107,0,없음,0,0,없음,0,0,0.0,0.0,2,10.0,360.0,600.0,없음,없음,0.0,0,low
864,다사582108,0,없음,0,0,없음,0,0,0.0,0.0,0,0.0,0.0,0.0,없음,없음,0.0,0,low
865,다사582109,0,없음,0,29,기타,1,1,8.0,20.0,0,0.0,0.0,0.0,없음,없음,0.0,0,low
890,다사583070,0,없음,0,12,지방도,0,0,0.0,0.0,0,0.0,0.0,0.0,없음,없음,0.0,0,low
918,다사583098,0,없음,0,0,없음,0,0,0.0,0.0,0,0.0,0.0,0.0,없음,없음,0.0,0,low
927,다사583107,0,없음,0,0,없음,0,0,0.0,0.0,1,10.0,360.0,600.0,없음,없음,0.0,0,low
963,다사584075,0,없음,0,0,없음,0,0,0.0,0.0,0,0.0,0.0,0.0,없음,없음,0.0,0,low
965,다사584077,0,없음,0,0,없음,0,0,0.0,0.0,0,0.0,0.0,0.0,없음,없음,0.0,0,low
981,다사584093,0,없음,0,4,시도,0,0,0.0,0.0,0,0.0,0.0,0.0,없음,없음,0.0,0,low
993,다사584105,0,없음,0,0,없음,0,0,0.0,0.0,0,0.0,0.0,0.0,없음,없음,0.0,0,low
999,다사584111,0,없음,0,0,없음,0,0,0.0,0.0,0,0.0,0.0,0.0,없음,없음,0.0,0,low
1004,다사585046,0,없음,0,0,없음,0,0,0.0,0.0,0,0.0,0.0,0.0,없음,없음,0.0,0,low
1044,다사585086,0,없음,0,0,없음,0,0,0.0,0.0,0,0.0,0.0,0.0,없음,없음,0.0,0,low
1052,다사585094,0,없음,0,0,없음,0,0,0.0,0.0,0,0.0,0.0,0.0,없음,없음,0.0,0,low
1065,다사585107,0,없음,0,0,없음,0,0,0.0,0.0,1,10.0,360.0,1500.0,없음,없음,0.0,0,low
1069,다사585111,1,없음,0,0,없음,0,0,0.0,0.0,3,10.0,360.0,600.0,없음,없음,0.0,0,low
1099,다사586070,0,없음,0,0,없음,0,0,0.0,0.0,0,0.0,0.0,0.0,없음,없음,0.0,0,low
1103,다사586074,0,없음,0,16,기타,8,1,4.0,12.75,0,0.0,0.0,0.0,없음,없음,0.0,0,low
1106,다사586077,0,없음,0,0,없음,0,0,0.0,0.0,0,0.0,0.0,0.0,없음,없음,0.0,0,low
1115,다사586086,0,없음,0,0,없음,0,0,0.0,0.0,0,0.0,0.0,0.0,없음,없음,0.0,0,low
1116,다사586087,0,없음,0,0,없음,0,0,0.0,0.0,0,0.0,0.0,0.0,없음,없음,0.0,0,low
1124,다사586095,0,없음,0,15,시도,3,1,5.333333333333333,16.0,3,10.0,360.0,400.0,없음,없음,0.0,0,low
1133,다사586104,0,없음,0,0,없음,0,0,0.0,0.0,0,0.0,0.0,0.0,없음,없음,0.0,0,low
1139,다사586110,0,없음,0,0,없음,0,0,0.0,0.0,0,0.0,0.0,0.0,없음,없음,0.0,0,low
1170,다사587069,0,없음,0,0,없음,0,0,0.0,0.0,0,0.0,0.0,0.0,없음,없음,0.0,0,high
1172,다사587071,0,없음,0,16,시도,2,1,8.0,21.5,0,0.0,0.0,0.0,없음,없음,0.0,0,low
1173,다사587072,0,없음,0,0,없음,1,1,7.0,17.0,0,0.0,0.0,0.0,없음,없음,0.0,0,low
1188,다사587087,0,없음,0,0,없음,0,0,0.0,0.0,0,0.0,0.0,0.0,없음,없음,0.0,0,low
1218,다사588043,0,없음,0,5,시도,2,4,5.0,4.5,0,0.0,0.0,0.0,없음,없음,0.0,0,high
1219,다사588044,0,없음,0,0,없음,1,4,5.0,12.0,0,0.0,0.0,0.0,없음,없음,0.0,0,high
1220,다사588045,0,없음,0,0,없음,0,0,0.0,0.0,0,0.0,0.0,0.0,없음,없음,0.0,0,low
1244,다사588069,0,없음,0,0,없음,1,1,2.0,8.0,0,0.0,0.0,0.0,없음,없음,0.0,0,low
1263,다사588088,0,없음,0,0,없음,0,0,0.0,0.0,0,0.0,0.0,0.0,없음,없음,0.0,0,low
1264,다사588089,0,없음,0,0,없음,0,0,0.0,0.0,0,0.0,0.0,0.0,없음,없음,0.0,0,low
1271,다사588096,0,없음,0,2,시도,1,1,4.0,14.0,0,0.0,0.0,0.0,없음,없음,0.0,0,low
1272,다사588097,0,없음,0,0,없음,0,0,0.0,0.0,0,0.0,0.0,0.0,없음,없음,0.0,0,low
1275,다사588100,0,없음,0,0,없음,0,0,0.0,0.0,0,0.0,0.0,0.0,없음,없음,0.0,0,low
1277,다사588102,0,없음,0,0,없음,0,0,0.0,0.0,0,0.0,0.0,0.0,없음,없음,0.0,0,low
1279,다사588104,0,없음,0,2,기타,0,0,0.0,0.0,0,0.0,0.0,0.0,없음,없음,0.0,0,low
1286,다사588111,0,없음,0,0,없음,0,0,0.0,0.0,0,0.0,0.0,0.0,없음,없음,0.0,0,low
1320,다사589068,0,없음,0,0,없음,0,0,0.0,0.0,0,0.0,0.0,0.0,없음,없음,0.0,0,low
1321,다사589069,0,없음,0,0,없음,0,0,0.0,0.0,0,0.0,0.0,0.0,없음,없음,0.0,0,high
1339,다사589087,0,없음,0,0,없음,0,0,0.0,0.0,0,0.0,0.0,0.0,없음,없음,0.0,0,low
1341,다사589089,0,없음,0,0,없음,0,0,0.0,0.0,0,0.0,0.0,0.0,없음,없음,0.0,0,low
1349,다사589097,0,없음,0,3,시도,2,4,6.0,13.5,0,0.0,0.0,0.0,없음,없음,0.0,0,high
1350,다사589098,0,없음,0,4,시도,2,4,6.0,28.0,0,0.0,0.0,0.0,없음,없음,0.0,0,low
1362,다사589110,0,없음,0,0,없음,0,0,0.0,0.0,0,0.0,0.0,0.0,없음,없음,0.0,0,low
1376,다사590046,0,없음,0,0,없음,0,0,0.0,0.0,0,0.0,0.0,0.0,없음,없음,0.0,0,low
1382,다사590052,0,없음,0,2,시도,0,0,0.0,0.0,0,0.0,0.0,0.0,없음,없음,0.0,0,low
1384,다사590054,0,없음,0,0,없음,0,0,0.0,0.0,0,0.0,0.0,0.0,없음,없음,0.0,0,low
1386,다사590056,0,없음,0,0,없음,0,0,0.0,0.0,0,0.0,0.0,0.0,없음,없음,0.0,0,low
1387,다사590057,0,없음,0,0,없음,0,0,0.0,0.0,1,10.0,360.0,600.0,없음,없음,0.0,0,low
1388,다사590058,0,없음,0,4,시도,2,1,3.5,8.0,5,10.0,360.0,440.0,없음,없음,0.0,0,low
1398,다사590068,0,없음,0,7,지방도,3,4,4.0,18.666666666666668,0,0.0,0.0,0.0,없음,없음,0.0,0,high
1400,다사590070,0,없음,0,17,지방도,5,1,5.6,12.0,0,0.0,0.0,0.0,없음,없음,0.0,0,low
1418,다사590088,0,없음,0,0,없음,0,0,0.0,0.0,0,0.0,0.0,0.0,없음,없음,0.0,0,low
1425,다사590095,0,없음,0,0,없음,0,0,0.0,0.0,0,0.0,0.0,0.0,없음,없음,0.0,0,low
1426,다사590096,0,없음,0,0,없음,0,0,0.0,0.0,0,0.0,0.0,0.0,없음,없음,0.0,0,low
1427,다사590097,0,없음,0,1,시도,1,4,8.0,52.0,2,10.0,360.0,300.0,없음,없음,0.0,0,low
1428,다사590098,0,없음,0,7,시도,1,4,8.0,23.0,0,0.0,0.0,0.0,없음,없음,0.0,0,high
1449,다사591041,0,없음,0,0,없음,0,0,0.0,0.0,0,0.0,0.0,0.0,없음,없음,0.0,0,low
1455,다사591047,0,없음,0,0,없음,2,1,5.0,6.5,0,0.0,0.0,0.0,없음,없음,0.0,0,low
1467,다사591059,0,없음,0,0,없음,0,0,0.0,0.0,1,10.0,360.0,600.0,없음,없음,0.0,0,low
1468,다사591060,0,없음,0,0,없음,0,0,0.0,0.0,0,0.0,0.0,0.0,없음,없음,0.0,0,low
1478,다사591070,0,없음,0,0,없음,2,1,5.0,10.0,0,0.0,0.0,0.0,없음,없음,0.0,0,low
1488,다사591080,0,없음,0,0,없음,0,0,0.0,0.0,0,0.0,0.0,0.0,없음,없음,0.0,0,high
1496,다사591088,0,없음,0,0,없음,0,0,0.0,0.0,0,0.0,0.0,0.0,없음,없음,0.0,0,low
1497,다사591089,0,없음,0,0,없음,0,0,0.0,0.0,0,0.0,0.0,0.0,없음,없음,0.0,0,low
1498,다사591090,0,없음,0,0,없음,0,0,0.0,0.0,0,0.0,0.0,0.0,없음,없음,0.0,0,low
1502,다사591094,0,없음,0,0,없음,0,0,0.0,0.0,0,0.0,0.0,0.0,없음,없음,0.0,0,low
1507,다사591099,1,없음,0,17,시도,4,1,6.75,17.75,0,0.0,0.0,0.0,없음,없음,0.0,0,high
1508,다사591100,0,없음,0,0,없음,0,0,0.0,0.0,0,0.0,0.0,0.0,없음,없음,0.0,0,low
1522,다사592036,0,없음,0,0,없음,0,0,0.0,0.0,0,0.0,0.0,0.0,없음,없음,0.0,0,low
1526,다사592040,0,없음,0,0,없음,1,4,2.0,5.0,0,0.0,0.0,0.0,없음,없음,0.0,0,low
1533,다사592047,0,없음,0,0,없음,0,0,0.0,0.0,0,0.0,0.0,0.0,없음,없음,0.0,0,low
1549,다사592063,0,없음,0,0,없음,2,1,4.0,10.0,1,10.0,360.0,600.0,없음,없음,0.0,0,low
1550,다사592064,0,없음,0,0,없음,0,0,0.0,0.0,1,10.0,360.0,400.0,없음,없음,0.0,0,low
1553,다사592067,0,없음,0,0,없음,0,0,0.0,0.0,0,0.0,0.0,0.0,없음,없음,0.0,0,low
1558,다사592072,0,없음,0,11,시도,1,4,6.0,21.0,0,0.0,0.0,0.0,없음,없음,0.0,0,low
1559,다사592073,0,없음,0,0,없음,0,0,0.0,0.0,0,0.0,0.0,0.0,없음,없음,0.0,0,low
1562,다사592076,0,없음,0,0,없음,0,0,0.0,0.0,0,0.0,0.0,0.0,없음,없음,0.0,0,low
1563,다사592077,0,없음,0,0,없음,0,0,0.0,0.0,0,0.0,0.0,0.0,없음,없음,0.0,0,low
1565,다사592079,0,없음,0,0,없음,0,0,0.0,0.0,0,0.0,0.0,0.0,없음,없음,0.0,0,low
1566,다사592080,1,없음,0,0,없음,0,0,0.0,0.0,0,0.0,0.0,0.0,없음,없음,0.0,0,low
1569,다사592083,0,없음,0,0,없음,0,0,0.0,0.0,0,0.0,0.0,0.0,없음,없음,0.0,0,low
1573,다사592087,0,없음,0,0,없음,0,0,0.0,0.0,0,0.0,0.0,0.0,없음,없음,0.0,0,low
1575,다사592089,0,없음,0,0,없음,0,0,0.0,0.0,0,0.0,0.0,0.0,없음,없음,0.0,0,low
1580,다사592094,1,신호,1,8,시도,0,0,0.0,0.0,0,0.0,0.0,0.0,없음,없음,0.0,0,low
1584,다사592098,0,없음,0,1,시도,0,0,0.0,0.0,0,0.0,0.0,0.0,없음,없음,0.0,0,low
1585,다사592099,0,없음,0,0,없음,0,0,0.0,0.0,0,0.0,0.0,0.0,없음,없음,0.0,0,high
1586,다사592100,0,없음,0,0,없음,0,0,0.0,0.0,0,0.0,0.0,0.0,없음,없음,0.0,0,low
1587,다사592101,0,없음,0,2,기타,1,1,3.0,7.0,3,10.0,360.0,500.0,없음,없음,0.0,0,low
1595,다사592109,0,없음,0,0,없음,0,0,0.0,0.0,0,0.0,0.0,0.0,없음,없음,0.0,0,low
1605,다사593040,0,없음,0,8,시도,1,4,2.0,5.0,0,0.0,0.0,0.0,없음,없음,0.0,0,low
1631,다사593066,0,없음,0,0,없음,3,3,6.0,5.666666666666667,1,10.0,360.0,300.0,없음,없음,0.0,0,high
1632,다사593067,0,없음,0,0,없음,0,0,0.0,0.0,0,0.0,0.0,0.0,없음,없음,0.0,0,low
1633,다사593068,0,없음,0,0,없음,0,0,0.0,0.0,0,0.0,0.0,0.0,없음,없음,0.0,0,low
1637,다사593072,0,없음,0,0,없음,1,4,6.0,21.0,0,0.0,0.0,0.0,없음,없음,0.0,0,low
1638,다사593073,0,없음,0,0,없음,0,0,0.0,0.0,0,0.0,0.0,0.0,없음,없음,0.0,0,low
1645,다사593080,0,없음,0,0,없음,0,0,0.0,0.0,0,0.0,0.0,0.0,없음,없음,0.0,0,low
1647,다사593082,0,속도,1,0,없음,0,0,0.0,0.0,0,0.0,0.0,0.0,없음,없음,0.0,0,low
1652,다사593087,0,없음,0,0,없음,0,0,0.0,0.0,0,0.0,0.0,0.0,없음,없음,0.0,0,low
1655,다사593090,0,없음,0,0,없음,0,0,0.0,0.0,0,0.0,0.0,0.0,없음,없음,0.0,0,low
1659,다사593094,0,없음,0,3,시도,0,0,0.0,0.0,0,0.0,0.0,0.0,없음,없음,0.0,0,low
1661,다사593096,0,없음,0,7,시도,0,0,0.0,0.0,0,0.0,0.0,0.0,없음,없음,0.0,0,low
1662,다사593097,1,없음,0,2,기타,0,0,0.0,0.0,0,0.0,0.0,0.0,없음,없음,0.0,0,low
1663,다사593098,1,없음,0,3,기타,3,1,5.333333333333333,12.666666666666666,0,0.0,0.0,0.0,없음,없음,0.0,0,low
1664,다사593099,0,없음,0,6,기타,8,1,5.25,12.625,0,0.0,0.0,0.0,없음,없음,0.0,0,low
1665,다사593100,1,없음,0,0,없음,0,0,0.0,0.0,0,0.0,0.0,0.0,없음,없음,0.0,0,high
1673,다사593108,0,없음,0,0,없음,0,0,0.0,0.0,0,0.0,0.0,0.0,없음,없음,0.0,0,low
1685,다사594040,0,없음,0,0,없음,0,0,0.0,0.0,0,0.0,0.0,0.0,없음,없음,0.0,0,low
1692,다사594047,0,없음,0,0,없음,0,0,0.0,0.0,1,10.0,360.0,600.0,없음,없음,0.0,0,low
1694,다사594049,0,없음,0,0,없음,0,0,0.0,0.0,0,0.0,0.0,0.0,없음,없음,0.0,0,low
1711,다사594066,0,없음,0,13,지방도,1,4,7.0,35.0,0,0.0,0.0,0.0,없음,없음,0.0,0,low
1731,다사594086,0,없음,0,0,없음,0,0,0.0,0.0,0,0.0,0.0,0.0,없음,없음,0.0,0,low
1732,다사594087,0,신호,1,0,없음,0,0,0.0,0.0,0,0.0,0.0,0.0,없음,없음,0.0,0,low
1734,다사594089,0,없음,0,0,없음,0,0,0.0,0.0,2,10.0,360.0,600.0,없음,없음,0.0,0,low
1735,다사594090,0,없음,0,0,없음,0,0,0.0,0.0,0,0.0,0.0,0.0,없음,없음,0.0,0,low
1737,다사594092,0,없음,0,4,시도,0,0,0.0,0.0,0,0.0,0.0,0.0,없음,없음,0.0,0,low
1738,다사594093,0,없음,0,4,시도,0,0,0.0,0.0,0,0.0,0.0,0.0,없음,없음,0.0,0,low
1740,다사594095,0,없음,0,0,없음,0,0,0.0,0.0,0,0.0,0.0,0.0,없음,없음,0.0,0,low
1742,다사594097,1,없음,0,1,기타,0,0,0.0,0.0,0,0.0,0.0,0.0,없음,없음,0.0,0,low
1743,다사594098,0,없음,0,28,기타,7,1,6.0,14.0,0,0.0,0.0,0.0,없음,없음,0.0,0,low
1745,다사594100,0,없음,0,0,없음,0,0,0.0,0.0,0,0.0,0.0,0.0,없음,없음,0.0,0,low
1746,다사594101,0,없음,0,4,시도,0,0,0.0,0.0,0,0.0,0.0,0.0,없음,없음,0.0,0,low
1749,다사594104,0,없음,0,0,없음,0,0,0.0,0.0,0,0.0,0.0,0.0,없음,없음,0.0,0,low
1750,다사594105,0,없음,0,0,없음,0,0,0.0,0.0,0,0.0,0.0,0.0,없음,없음,0.0,0,low
1751,다사594106,0,신호,1,2,기타,1,1,4.0,20.0,0,0.0,0.0,0.0,없음,없음,0.0,0,high
1752,다사594107,0,없음,0,4,일반국도,3,1,6.0,19.0,0,0.0,0.0,0.0,없음,없음,0.0,0,high
1771,다사595046,0,없음,0,0,없음,0,0,0.0,0.0,0,0.0,0.0,0.0,없음,없음,0.0,0,low
1772,다사595047,0,없음,0,0,없음,0,0,0.0,0.0,0,0.0,0.0,0.0,없음,없음,0.0,0,low
1775,다사595050,0,없음,0,0,없음,3,1,4.333333333333333,10.333333333333334,1,10.0,360.0,600.0,없음,없음,0.0,0,low
1790,다사595065,0,없음,0,6,지방도,2,4,5.0,19.0,0,0.0,0.0,0.0,없음,없음,0.0,0,low
1806,다사595081,0,없음,0,0,없음,0,0,0.0,0.0,0,0.0,0.0,0.0,없음,없음,0.0,0,low
1807,다사595082,0,없음,0,0,없음,0,0,0.0,0.0,0,0.0,0.0,0.0,없음,없음,0.0,0,low
1812,다사595087,1,신호,1,0,없음,0,0,0.0,0.0,2,10.0,360.0,2350.0,없음,없음,0.0,0,high
1818,다사595093,0,없음,0,0,없음,0,0,0.0,0.0,0,0.0,0.0,0.0,없음,없음,0.0,0,low
1819,다사595094,0,없음,0,0,없음,0,0,0.0,0.0,0,0.0,0.0,0.0,없음,없음,0.0,0,low
1826,다사595101,0,없음,0,6,시도,1,1,6.0,16.0,0,0.0,0.0,0.0,없음,없음,0.0,0,high
1830,다사595105,0,없음,0,0,없음,1,1,3.0,18.0,0,0.0,0.0,0.0,없음,없음,0.0,0,high
1831,다사595106,0,없음,0,2,일반국도,0,0,0.0,0.0,0,0.0,0.0,0.0,없음,없음,0.0,0,low
1845,다사596040,0,없음,0,0,없음,0,0,0.0,0.0,0,0.0,0.0,0.0,없음,없음,0.0,0,low
1853,다사596048,0,없음,0,0,없음,1,1,4.0,11.0,0,0.0,0.0,0.0,없음,없음,0.0,0,low
1885,다사596080,0,없음,0,0,없음,0,0,0.0,0.0,0,0.0,0.0,0.0,없음,없음,0.0,0,low
1886,다사596081,0,없음,0,0,없음,0,0,0.0,0.0,1,10.0,360.0,2000.0,없음,없음,0.0,0,low
1891,다사596086,0,없음,0,0,없음,0,0,0.0,0.0,0,0.0,0.0,0.0,없음,없음,0.0,0,low
1892,다사596087,1,없음,0,34,기타,13,1,4.615384615384615,11.923076923076923,1,10.0,360.0,600.0,없음,없음,0.0,0,high
1893,다사596088,0,없음,0,0,없음,0,0,0.0,0.0,0,0.0,0.0,0.0,없음,없음,0.0,0,low
1894,다사596089,0,없음,0,0,없음,0,0,0.0,0.0,0,0.0,0.0,0.0,없음,없음,0.0,0,low
1906,다사596101,0,없음,0,0,없음,0,0,0.0,0.0,0,0.0,0.0,0.0,없음,없음,0.0,0,low
1909,다사596104,0,없음,0,0,없음,2,1,3.0,8.0,0,0.0,0.0,0.0,없음,없음,0.0,0,low
1910,다사596105,0,없음,0,0,없음,0,0,0.0,0.0,0,0.0,0.0,0.0,없음,없음,0.0,0,low
1918,다사597038,0,없음,0,0,없음,0,0,0.0,0.0,0,0.0,0.0,0.0,없음,없음,0.0,0,low
1920,다사597040,0,없음,0,0,없음,0,0,0.0,0.0,0,0.0,0.0,0.0,없음,없음,0.0,0,low
1927,다사597047,0,없음,0,0,없음,0,0,0.0,0.0,0,0.0,0.0,0.0,없음,없음,0.0,0,low
1928,다사597048,0,없음,0,6,국가지원지방도,2,1,4.5,14.0,2,10.0,360.0,650.0,없음,없음,0.0,0,high
1929,다사597049,0,없음,0,0,없음,0,0,0.0,0.0,2,10.0,360.0,650.0,없음,없음,0.0,0,low
1935,다사597055,0,신호,1,7,기타,2,1,3.0,13.5,2,10.0,360.0,900.0,없음,없음,0.0,0,low
1944,다사597064,0,없음,0,0,없음,1,4,6.0,36.0,0,0.0,0.0,0.0,없음,없음,0.0,0,low
1960,다사597080,0,없음,0,0,없음,0,0,0.0,0.0,0,0.0,0.0,0.0,없음,없음,0.0,0,low
1968,다사597088,1,없음,0,0,없음,0,0,0.0,0.0,1,10.0,360.0,1600.0,없음,없음,0.0,0,high
1969,다사597089,0,없음,0,0,없음,0,0,0.0,0.0,0,0.0,0.0,0.0,없음,없음,0.0,0,low
1980,다사597100,0,없음,0,0,없음,0,0,0.0,0.0,0,0.0,0.0,0.0,없음,없음,0.0,0,low
1981,다사597101,0,없음,0,0,없음,0,0,0.0,0.0,0,0.0,0.0,0.0,없음,없음,0.0,0,low
1982,다사597102,0,없음,0,2,일반국도,2,4,7.0,22.0,0,0.0,0.0,0.0,없음,없음,0.0,0,high
1983,다사597103,0,없음,0,0,없음,0,0,0.0,0.0,0,0.0,0.0,0.0,없음,없음,0.0,0,low
1997,다사598042,0,없음,0,0,없음,0,0,0.0,0.0,0,0.0,0.0,0.0,없음,없음,0.0,0,low
2003,다사598048,0,없음,0,15,시도,2,1,4.0,12.5,0,0.0,0.0,0.0,없음,없음,0.0,0,high
2004,다사598049,0,없음,0,0,없음,2,4,6.0,10.0,0,0.0,0.0,0.0,없음,없음,0.0,0,low
2005,다사598050,0,없음,0,0,없음,0,0,0.0,0.0,0,0.0,0.0,0.0,없음,없음,0.0,0,low
2006,다사598051,0,없음,0,0,없음,0,0,0.0,0.0,0,0.0,0.0,0.0,없음,없음,0.0,0,low
2034,다사598079,0,없음,0,0,없음,0,0,0.0,0.0,0,0.0,0.0,0.0,없음,없음,0.0,0,low
2043,다사598088,0,없음,0,0,없음,0,0,0.0,0.0,0,0.0,0.0,0.0,없음,없음,0.0,0,low
2044,다사598089,1,없음,0,0,없음,0,0,0.0,0.0,1,10.0,360.0,1000.0,없음,없음,0.0,0,low
2047,다사598092,0,없음,0,0,없음,0,0,0.0,0.0,0,0.0,0.0,0.0,없음,없음,0.0,0,low
2051,다사598096,0,없음,0,0,없음,0,0,0.0,0.0,0,0.0,0.0,0.0,없음,없음,0.0,0,low
2052,다사598097,0,없음,0,0,없음,0,0,0.0,0.0,0,0.0,0.0,0.0,없음,없음,0.0,0,high
2053,다사598098,0,없음,0,0,없음,0,0,0.0,0.0,0,0.0,0.0,0.0,없음,없음,0.0,0,low
2055,다사598100,0,없음,0,0,없음,0,0,0.0,0.0,1,10.0,360.0,600.0,없음,없음,0.0,0,low
2056,다사598101,0,없음,0,0,없음,0,0,0.0,0.0,0,0.0,0.0,0.0,없음,없음,0.0,0,high
2057,다사598102,0,없음,0,0,없음,0,0,0.0,0.0,0,0.0,0.0,0.0,없음,없음,0.0,0,high
2077,다사599047,0,없음,0,0,없음,0,0,0.0,0.0,4,10.0,360.0,500.0,없음,없음,0.0,0,low
2084,다사599054,0,없음,0,7,기타,4,1,4.25,15.0,3,10.0,360.0,600.0,없음,없음,0.0,0,low
2116,다사599086,0,없음,0,0,없음,0,0,0.0,0.0,0,0.0,0.0,0.0,없음,없음,0.0,0,low
2119,다사599089,0,없음,0,0,없음,0,0,0.0,0.0,0,0.0,0.0,0.0,없음,없음,0.0,0,low
2122,다사599092,0,없음,0,0,없음,0,0,0.0,0.0,0,0.0,0.0,0.0,없음,없음,0.0,0,low
2125,다사599095,0,없음,0,6,일반국도,2,1,6.5,20.5,0,0.0,0.0,0.0,없음,없음,0.0,0,low
2126,다사599096,0,없음,0,0,없음,0,0,0.0,0.0,0,0.0,0.0,0.0,없음,없음,0.0,0,low
2130,다사599100,0,없음,0,0,없음,0,0,0.0,0.0,0,0.0,0.0,0.0,없음,없음,0.0,0,low
2131,다사599101,0,없음,0,1,시도,0,0,0.0,0.0,3,10.0,360.0,666.6666666666666,없음,없음,0.0,0,low
2132,다사599102,0,없음,0,0,없음,0,0,0.0,0.0,1,10.0,360.0,600.0,없음,없음,0.0,0,low
2146,다사600040,0,없음,0,0,없음,0,0,0.0,0.0,0,0.0,0.0,0.0,없음,없음,0.0,0,low
2170,다사600064,0,없음,0,0,없음,0,0,0.0,0.0,1,10.0,360.0,1200.0,없음,없음,0.0,0,low
2186,다사600080,0,없음,0,0,없음,1,1,4.0,13.0,2,10.0,360.0,1300.0,없음,없음,0.0,0,low
2190,다사600084,0,없음,0,0,없음,0,0,0.0,0.0,0,0.0,0.0,0.0,없음,없음,0.0,0,low
2191,다사600085,1,없음,0,31,시도,9,1,6.888888888888889,21.444444444444443,0,0.0,0.0,0.0,없음,없음,0.0,0,low
2192,다사600086,0,없음,0,0,없음,7,1,3.857142857142857,6.714285714285714,0,0.0,0.0,0.0,없음,없음,0.0,0,low
2196,다사600090,0,없음,0,0,없음,0,0,0.0,0.0,0,0.0,0.0,0.0,없음,없음,0.0,0,low
2200,다사600094,0,없음,0,0,없음,1,1,2.0,11.0,0,0.0,0.0,0.0,없음,없음,0.0,0,low
2207,다사600101,0,없음,0,5,시도,3,1,4.666666666666667,18.0,0,0.0,0.0,0.0,없음,없음,0.0,0,low
2208,다사600102,0,없음,0,1,시도,0,0,0.0,0.0,1,10.0,360.0,600.0,없음,없음,0.0,0,low
2227,다사601046,0,없음,0,0,없음,21,1,3.0,5.0,1,10.0,360.0,700.0,없음,없음,0.0,0,low
2228,다사601047,0,없음,0,0,없음,0,0,0.0,0.0,0,0.0,0.0,0.0,없음,없음,0.0,0,low
2245,다사601064,0,없음,0,0,없음,0,0,0.0,0.0,0,0.0,0.0,0.0,없음,없음,0.0,0,low
2265,다사601084,1,없음,0,0,없음,0,0,0.0,0.0,0,0.0,0.0,0.0,없음,없음,0.0,0,high
2266,다사601085,0,없음,0,0,없음,3,1,4.0,6.0,0,0.0,0.0,0.0,없음,없음,0.0,0,high
2270,다사601089,1,없음,0,0,없음,0,0,0.0,0.0,0,0.0,0.0,0.0,없음,없음,0.0,0,low
2274,다사601093,0,없음,0,0,없음,0,0,0.0,0.0,0,0.0,0.0,0.0,없음,없음,0.0,0,low
2282,다사601101,0,없음,0,0,없음,1,1,4.0,4.0,0,0.0,0.0,0.0,없음,없음,0.0,0,low
2284,다사601103,0,없음,0,0,없음,0,0,0.0,0.0,0,0.0,0.0,0.0,없음,없음,0.0,0,low
2302,다사602046,0,없음,0,12,기타,5,1,5.0,11.2,1,10.0,360.0,700.0,없음,없음,0.0,0,low
2305,다사602049,0,없음,0,0,없음,0,0,0.0,0.0,0,0.0,0.0,0.0,없음,없음,0.0,0,low
2307,다사602051,0,없음,0,7,국가지원지방도,0,0,0.0,0.0,0,0.0,0.0,0.0,없음,없음,0.0,0,low
2316,다사602060,0,없음,0,0,없음,0,0,0.0,0.0,0,0.0,0.0,0.0,없음,없음,0.0,0,low
2319,다사602063,0,없음,0,0,없음,1,4,8.0,20.0,1,10.0,360.0,600.0,없음,없음,0.0,0,high
2320,다사602064,0,없음,0,10,지방도,3,4,4.666666666666667,12.333333333333334,0,0.0,0.0,0.0,없음,없음,0.0,0,high
2321,다사602065,0,없음,0,0,없음,0,0,0.0,0.0,0,0.0,0.0,0.0,없음,없음,0.0,0,low
2325,다사602069,1,없음,0,0,없음,0,0,0.0,0.0,0,0.0,0.0,0.0,없음,없음,0.0,0,low
2329,다사602073,1,없음,0,0,없음,1,1,6.0,13.0,0,0.0,0.0,0.0,없음,없음,0.0,0,high
2330,다사602074,0,없음,0,0,없음,0,0,0.0,0.0,2,10.0,360.0,400.0,없음,없음,0.0,0,low
2332,다사602076,0,없음,0,0,없음,0,0,0.0,0.0,2,10.0,360.0,400.0,없음,없음,0.0,0,low
2335,다사602079,0,없음,0,24,시도,2,1,8.0,25.0,2,10.0,360.0,300.0,없음,없음,0.0,0,high
2336,다사602080,0,없음,0,0,없음,0,0,0.0,0.0,0,0.0,0.0,0.0,없음,없음,0.0,0,high
2338,다사602082,0,없음,0,0,없음,1,1,4.0,8.0,0,0.0,0.0,0.0,없음,없음,0.0,0,low
2341,다사602085,0,없음,0,9,기타,0,0,0.0,0.0,0,0.0,0.0,0.0,없음,없음,0.0,0,high
2344,다사602088,0,신호,1,50,기타,15,1,5.066666666666666,12.533333333333331,1,10.0,360.0,1600.0,없음,없음,0.0,0,low
2347,다사602091,0,없음,0,0,없음,0,0,0.0,0.0,0,0.0,0.0,0.0,없음,없음,0.0,0,low
2348,다사602092,0,없음,0,0,없음,2,1,3.0,15.5,0,0.0,0.0,0.0,없음,없음,0.0,0,low
2365,다사602109,0,없음,0,12,시도,3,1,4.0,4.666666666666667,0,0.0,0.0,0.0,없음,없음,0.0,0,low
2370,다사603040,0,없음,0,4,시도,1,4,4.0,31.0,0,0.0,0.0,0.0,없음,없음,0.0,0,low
2375,다사603045,0,없음,0,0,없음,1,1,3.0,7.0,0,0.0,0.0,0.0,없음,없음,0.0,0,low
2377,다사603047,0,없음,0,0,없음,4,1,3.0,5.0,0,0.0,0.0,0.0,없음,없음,0.0,0,low
2378,다사603048,0,없음,0,0,없음,0,0,0.0,0.0,0,0.0,0.0,0.0,없음,없음,0.0,0,low
2381,다사603051,0,없음,0,0,없음,2,1,3.0,11.0,2,10.0,360.0,700.0,없음,없음,0.0,0,low
2382,다사603052,0,없음,0,0,없음,0,0,0.0,0.0,0,0.0,0.0,0.0,없음,없음,0.0,0,low
2384,다사603054,0,없음,0,0,없음,0,0,0.0,0.0,0,0.0,0.0,0.0,없음,없음,0.0,0,low
2388,다사603058,0,없음,0,0,없음,0,0,0.0,0.0,0,0.0,0.0,0.0,없음,없음,0.0,0,low
2393,다사603063,0,없음,0,0,없음,1,4,4.0,6.0,0,0.0,0.0,0.0,없음,없음,0.0,0,low
2394,다사603064,1,없음,0,0,없음,1,1,4.0,7.0,1,10.0,360.0,400.0,없음,없음,0.0,0,low
2395,다사603065,1,없음,0,0,없음,0,0,0.0,0.0,0,0.0,0.0,0.0,없음,없음,0.0,0,low
2396,다사603066,1,없음,0,3,기타,9,1,4.0,6.888888888888889,0,0.0,0.0,0.0,없음,없음,0.0,0,low
2399,다사603069,0,없음,0,0,없음,0,0,0.0,0.0,0,0.0,0.0,0.0,없음,없음,0.0,0,low
2402,다사603072,0,없음,0,0,없음,0,0,0.0,0.0,0,0.0,0.0,0.0,없음,없음,0.0,0,low
2403,다사603073,0,없음,0,0,없음,0,0,0.0,0.0,0,0.0,0.0,0.0,없음,없음,0.0,0,low
2416,다사603086,0,없음,0,0,없음,5,1,8.6,22.2,0,0.0,0.0,0.0,없음,없음,0.0,0,high
2421,다사603091,0,없음,0,0,없음,4,1,3.5,5.25,0,0.0,0.0,0.0,없음,없음,0.0,0,low
2424,다사603094,0,없음,0,0,없음,0,0,0.0,0.0,0,0.0,0.0,0.0,없음,없음,0.0,0,low
2430,다사603100,0,없음,0,0,없음,0,0,0.0,0.0,1,10.0,360.0,1000.0,없음,없음,0.0,0,low
2431,다사603101,0,없음,0,5,시도,3,4,4.0,10.666666666666666,1,10.0,360.0,800.0,없음,없음,0.0,0,high
2433,다사603103,0,없음,0,0,없음,0,0,0.0,0.0,0,0.0,0.0,0.0,없음,없음,0.0,0,low
2442,다사604039,0,없음,0,0,없음,0,0,0.0,0.0,1,10.0,360.0,800.0,없음,없음,0.0,0,low
2443,다사604040,0,신호,1,6,시도,4,4,4.0,18.5,0,0.0,0.0,0.0,없음,없음,0.0,0,low
2447,다사604044,0,없음,0,0,없음,1,1,3.0,13.0,0,0.0,0.0,0.0,없음,없음,0.0,0,low
2448,다사604045,0,없음,0,9,시도,1,1,7.0,29.0,0,0.0,0.0,0.0,없음,없음,0.0,0,low
2450,다사604047,0,없음,0,0,없음,0,0,0.0,0.0,0,0.0,0.0,0.0,없음,없음,0.0,0,low
2451,다사604048,0,신호,1,14,기타,7,1,6.571428571428571,23.571428571428573,0,0.0,0.0,0.0,없음,없음,0.0,0,low
2452,다사604049,0,없음,0,12,시도,1,1,7.0,6.0,0,0.0,0.0,0.0,없음,없음,0.0,0,high
2453,다사604050,0,없음,0,0,없음,0,0,0.0,0.0,0,0.0,0.0,0.0,없음,없음,0.0,0,low
2454,다사604051,0,없음,0,0,없음,3,1,5.333333333333333,24.666666666666668,0,0.0,0.0,0.0,없음,없음,0.0,0,high
2455,다사604052,0,없음,0,0,없음,1,1,7.0,30.0,0,0.0,0.0,0.0,없음,없음,0.0,0,low
2456,다사604053,0,없음,0,0,없음,0,0,0.0,0.0,0,0.0,0.0,0.0,없음,없음,0.0,0,low
2457,다사604054,0,없음,0,0,없음,2,1,6.5,26.0,0,0.0,0.0,0.0,없음,없음,0.0,0,high
2458,다사604055,0,없음,0,0,없음,1,1,6.0,30.0,0,0.0,0.0,0.0,없음,없음,0.0,0,low
2464,다사604061,0,없음,0,0,없음,0,0,0.0,0.0,0,0.0,0.0,0.0,없음,없음,0.0,0,low
2465,다사604062,0,없음,0,0,없음,0,0,0.0,0.0,0,0.0,0.0,0.0,없음,없음,0.0,0,high
2466,다사604063,0,없음,0,0,없음,1,1,4.0,11.0,0,0.0,0.0,0.0,없음,없음,0.0,0,low
2467,다사604064,0,없음,0,0,없음,0,0,0.0,0.0,0,0.0,0.0,0.0,없음,없음,0.0,0,low
2468,다사604065,1,없음,0,0,없음,0,0,0.0,0.0,0,0.0,0.0,0.0,없음,없음,0.0,0,high
2469,다사604066,0,없음,0,22,기타,10,1,5.4,11.4,1,10.0,360.0,900.0,없음,없음,0.0,0,high
2470,다사604067,0,없음,0,0,없음,0,0,0.0,0.0,0,0.0,0.0,0.0,없음,없음,0.0,0,high
2471,다사604068,0,없음,0,0,없음,2,1,4.0,5.5,0,0.0,0.0,0.0,없음,없음,0.0,0,high
2472,다사604069,1,없음,0,0,없음,0,0,0.0,0.0,0,0.0,0.0,0.0,없음,없음,0.0,0,high
2473,다사604070,0,없음,0,0,없음,0,0,0.0,0.0,0,0.0,0.0,0.0,없음,없음,0.0,0,low
2474,다사604071,1,없음,0,6,기타,4,1,6.0,13.5,0,0.0,0.0,0.0,없음,없음,0.0,0,high
2475,다사604072,1,없음,0,0,없음,1,1,3.0,11.0,0,0.0,0.0,0.0,없음,없음,0.0,0,low
2488,다사604085,0,없음,0,0,없음,0,0,0.0,0.0,0,0.0,0.0,0.0,없음,없음,0.0,0,low
2489,다사604086,1,신호,1,24,기타,4,1,5.25,10.0,2,10.0,360.0,750.0,유치원,N,6.0,1,high
2493,다사604090,0,없음,0,0,없음,1,1,4.0,4.0,0,0.0,0.0,0.0,없음,없음,0.0,0,low
2497,다사604094,0,없음,0,0,없음,0,0,0.0,0.0,0,0.0,0.0,0.0,없음,없음,0.0,0,high
2501,다사604098,0,없음,0,0,없음,0,0,0.0,0.0,0,0.0,0.0,0.0,없음,없음,0.0,0,low
2502,다사604099,0,없음,0,0,없음,0,0,0.0,0.0,0,0.0,0.0,0.0,없음,없음,0.0,0,low
2503,다사604100,0,없음,0,0,없음,0,0,0.0,0.0,1,10.0,360.0,600.0,없음,없음,0.0,0,low
2504,다사604101,0,없음,0,0,없음,0,0,0.0,0.0,0,0.0,0.0,0.0,없음,없음,0.0,0,low
2506,다사604103,0,없음,0,0,없음,0,0,0.0,0.0,1,10.0,360.0,600.0,없음,없음,0.0,0,low
2524,다사605049,0,없음,0,0,없음,0,0,0.0,0.0,0,0.0,0.0,0.0,없음,없음,0.0,0,low
2525,다사605050,0,없음,0,13,국가지원지방도,0,0,0.0,0.0,0,0.0,0.0,0.0,없음,없음,0.0,0,low
2528,다사605053,0,없음,0,0,없음,0,0,0.0,0.0,0,0.0,0.0,0.0,없음,없음,0.0,0,low
2529,다사605054,0,없음,0,0,없음,2,1,6.0,20.0,0,0.0,0.0,0.0,없음,없음,0.0,0,low
2536,다사605061,0,없음,0,0,없음,0,0,0.0,0.0,2,5.0,360.0,700.0,유치원,N,22.0,1,low
2538,다사605063,0,없음,0,0,없음,0,0,0.0,0.0,0,0.0,0.0,0.0,없음,없음,0.0,0,low
2539,다사605064,0,없음,0,0,없음,0,0,0.0,0.0,0,0.0,0.0,0.0,없음,없음,0.0,0,low
2540,다사605065,1,없음,0,0,없음,0,0,0.0,0.0,0,0.0,0.0,0.0,없음,없음,0.0,0,low
2541,다사605066,0,없음,0,0,없음,0,0,0.0,0.0,0,0.0,0.0,0.0,없음,없음,0.0,0,low
2542,다사605067,0,없음,0,0,없음,0,0,0.0,0.0,0,0.0,0.0,0.0,없음,없음,0.0,0,low
2543,다사605068,0,없음,0,1,기타,2,1,4.0,5.0,0,0.0,0.0,0.0,없음,없음,0.0,0,high
2544,다사605069,0,없음,0,4,기타,2,1,6.0,12.5,0,0.0,0.0,0.0,없음,없음,0.0,0,high
2545,다사605070,0,없음,0,0,없음,1,1,4.0,6.0,1,10.0,360.0,900.0,없음,없음,0.0,0,low
2555,다사605080,0,없음,0,0,없음,0,0,0.0,0.0,0,0.0,0.0,0.0,없음,없음,0.0,0,low
2560,다사605085,0,없음,0,0,없음,2,1,4.0,6.5,4,10.0,360.0,750.0,없음,없음,0.0,0,low
2565,다사605090,0,없음,0,0,없음,3,1,3.6666666666666665,12.333333333333334,0,0.0,0.0,0.0,없음,없음,0.0,0,low
2570,다사605095,0,없음,0,0,없음,0,0,0.0,0.0,0,0.0,0.0,0.0,없음,없음,0.0,0,low
2571,다사605096,0,없음,0,0,없음,0,0,0.0,0.0,0,0.0,0.0,0.0,없음,없음,0.0,0,low
2572,다사605097,0,없음,0,0,없음,0,0,0.0,0.0,0,0.0,0.0,0.0,없음,없음,0.0,0,low
2576,다사605101,0,없음,0,0,없음,0,0,0.0,0.0,0,0.0,0.0,0.0,없음,없음,0.0,0,low
2588,다사606040,0,없음,0,0,없음,0,0,0.0,0.0,1,10.0,360.0,600.0,없음,없음,0.0,0,low
2602,다사606054,0,없음,0,0,없음,0,0,0.0,0.0,0,0.0,0.0,0.0,없음,없음,0.0,0,low
2608,다사606060,0,없음,0,0,없음,1,1,4.0,18.0,2,5.0,360.0,950.0,없음,없음,0.0,0,low
2611,다사606063,0,속도,1,0,없음,1,1,4.0,8.0,0,0.0,0.0,0.0,없음,없음,0.0,0,low
2612,다사606064,1,없음,0,0,없음,0,0,0.0,0.0,0,0.0,0.0,0.0,없음,없음,0.0,0,high
2613,다사606065,0,없음,0,16,기타,8,1,5.75,12.75,0,0.0,0.0,0.0,없음,없음,0.0,0,low
2614,다사606066,0,없음,0,4,기타,4,1,5.0,8.5,0,0.0,0.0,0.0,없음,없음,0.0,0,high
2615,다사606067,0,없음,0,0,없음,2,1,4.0,5.0,0,0.0,0.0,0.0,없음,없음,0.0,0,low
2616,다사606068,0,없음,0,1,기타,3,1,3.6666666666666665,6.333333333333333,3,10.0,360.0,366.6666666666667,없음,없음,0.0,0,low
2617,다사606069,0,없음,0,5,기타,1,1,4.0,11.0,0,0.0,0.0,0.0,없음,없음,0.0,0,low
2627,다사606079,0,없음,0,0,없음,0,0,0.0,0.0,0,0.0,0.0,0.0,없음,없음,0.0,0,low
2636,다사606088,0,없음,0,0,없음,0,0,0.0,0.0,0,0.0,0.0,0.0,없음,없음,0.0,0,high
2637,다사606089,0,없음,0,5,일반국도,4,1,4.5,16.0,0,0.0,0.0,0.0,없음,없음,0.0,0,high
2648,다사606100,0,없음,0,0,없음,0,0,0.0,0.0,0,0.0,0.0,0.0,없음,없음,0.0,0,low
2676,다사607055,0,없음,0,0,없음,0,0,0.0,0.0,0,0.0,0.0,0.0,없음,없음,0.0,0,low
2681,다사607060,0,없음,0,0,없음,1,1,4.0,17.0,2,10.0,360.0,1000.0,없음,없음,0.0,0,high
2684,다사607063,0,없음,0,5,기타,2,1,4.0,9.0,2,10.0,360.0,1000.0,없음,없음,0.0,0,low
2686,다사607065,0,없음,0,0,없음,0,0,0.0,0.0,0,0.0,0.0,0.0,없음,없음,0.0,0,low
2687,다사607066,0,없음,0,0,없음,0,0,0.0,0.0,0,0.0,0.0,0.0,없음,없음,0.0,0,high
2689,다사607068,1,신호,1,0,없음,0,0,0.0,0.0,3,10.0,360.0,1666.6666666666667,없음,없음,0.0,0,low
2690,다사607069,0,없음,0,0,없음,0,0,0.0,0.0,0,0.0,0.0,0.0,없음,없음,0.0,0,high
2701,다사607080,0,없음,0,0,없음,0,0,0.0,0.0,0,0.0,0.0,0.0,유치원,N,13.0,1,low
2705,다사607084,0,없음,0,12,기타,7,1,5.428571428571429,11.571428571428571,1,10.0,360.0,500.0,없음,없음,0.0,0,low
2706,다사607085,1,없음,0,0,없음,0,0,0.0,0.0,1,10.0,360.0,500.0,없음,없음,0.0,0,low
2709,다사607088,0,없음,0,0,없음,3,1,3.0,17.666666666666668,0,0.0,0.0,0.0,없음,없음,0.0,0,high
2710,다사607089,0,신호,1,0,없음,0,0,0.0,0.0,0,0.0,0.0,0.0,없음,없음,0.0,0,low
2722,다사607101,0,없음,0,0,없음,0,0,0.0,0.0,0,0.0,0.0,0.0,없음,없음,0.0,0,low
2724,다사607103,0,없음,0,0,없음,0,0,0.0,0.0,1,10.0,360.0,600.0,없음,없음,0.0,0,low
2734,다사608039,0,없음,0,0,없음,0,0,0.0,0.0,0,0.0,0.0,0.0,없음,없음,0.0,0,low
2751,다사608056,0,없음,0,0,없음,0,0,0.0,0.0,0,0.0,0.0,0.0,없음,없음,0.0,0,high
2754,다사608059,0,없음,0,0,없음,3,1,3.333333333333333,19.0,4,10.0,360.0,425.0,없음,없음,0.0,0,low
2760,다사608065,0,없음,0,0,없음,0,0,0.0,0.0,0,0.0,0.0,0.0,없음,없음,0.0,0,low
2761,다사608066,0,없음,0,0,없음,3,1,4.0,7.0,0,0.0,0.0,0.0,없음,없음,0.0,0,low
2762,다사608067,0,없음,0,47,기타,17,1,5.882352941176471,13.588235294117649,0,0.0,0.0,0.0,없음,없음,0.0,0,high
2763,다사608068,1,없음,0,4,기타,1,1,2.0,11.0,1,10.0,360.0,700.0,없음,없음,0.0,0,high
2764,다사608069,0,없음,0,0,없음,0,0,0.0,0.0,0,0.0,0.0,0.0,없음,없음,0.0,0,low
2774,다사608079,0,없음,0,0,없음,0,0,0.0,0.0,2,10.0,360.0,600.0,없음,없음,0.0,0,low
2775,다사608080,0,없음,0,12,시도,5,1,6.4,24.4,1,10.0,360.0,1200.0,없음,없음,0.0,0,high
2777,다사608082,0,속도,1,12,기타,5,1,6.0,21.0,2,10.0,360.0,600.0,어린이집,N,13.0,1,low
2778,다사608083,0,없음,0,0,없음,3,1,5.333333333333333,20.666666666666668,1,10.0,360.0,1600.0,없음,없음,0.0,0,high
2780,다사608085,0,없음,0,0,없음,1,1,5.0,7.0,2,10.0,360.0,500.0,없음,없음,0.0,0,low
2783,다사608088,0,없음,0,0,없음,1,1,3.0,22.0,0,0.0,0.0,0.0,없음,없음,0.0,0,low
2796,다사608101,0,없음,0,6,시도,3,1,4.666666666666667,15.0,0,0.0,0.0,0.0,없음,없음,0.0,0,high
2800,다사608105,0,없음,0,0,없음,0,0,0.0,0.0,2,10.0,360.0,600.0,없음,없음,0.0,0,low
2810,다사609040,0,없음,0,0,없음,0,0,0.0,0.0,0,0.0,0.0,0.0,없음,없음,0.0,0,low
2811,다사609041,0,없음,0,0,없음,0,0,0.0,0.0,0,0.0,0.0,0.0,없음,없음,0.0,0,low
2814,다사609044,0,없음,0,0,없음,0,0,0.0,0.0,0,0.0,0.0,0.0,없음,없음,0.0,0,low
2826,다사609056,0,없음,0,0,없음,0,0,0.0,0.0,0,0.0,0.0,0.0,없음,없음,0.0,0,low
2827,다사609057,0,없음,0,0,없음,0,0,0.0,0.0,0,0.0,0.0,0.0,없음,없음,0.0,0,low
2828,다사609058,0,없음,0,0,없음,0,0,0.0,0.0,6,10.0,360.0,633.3333333333334,없음,없음,0.0,0,low
2835,다사609065,0,없음,0,1,기타,5,1,4.0,8.0,0,0.0,0.0,0.0,없음,없음,0.0,0,low
2836,다사609066,0,없음,0,0,없음,1,1,4.0,7.0,0,0.0,0.0,0.0,없음,없음,0.0,0,low
2837,다사609067,0,없음,0,0,없음,1,1,4.0,6.0,0,0.0,0.0,0.0,없음,없음,0.0,0,low
2838,다사609068,0,없음,0,0,없음,0,0,0.0,0.0,0,0.0,0.0,0.0,없음,없음,0.0,0,low
2843,다사609073,0,없음,0,0,없음,0,0,0.0,0.0,4,10.0,360.0,400.0,없음,없음,0.0,0,low
2850,다사609080,0,없음,0,0,없음,0,0,0.0,0.0,0,0.0,0.0,0.0,없음,없음,0.0,0,low
2851,다사609081,0,없음,0,0,없음,0,0,0.0,0.0,2,10.0,360.0,450.0,없음,없음,0.0,0,low
2852,다사609082,1,없음,0,0,없음,0,0,0.0,0.0,1,10.0,360.0,600.0,없음,없음,0.0,0,low
2853,다사609083,0,없음,0,15,기타,4,1,7.5,17.0,0,0.0,0.0,0.0,없음,없음,0.0,0,high
2854,다사609084,0,없음,0,0,없음,0,0,0.0,0.0,0,0.0,0.0,0.0,없음,없음,0.0,0,high
2855,다사609085,0,없음,0,0,없음,1,1,6.0,17.0,0,0.0,0.0,0.0,없음,없음,0.0,0,high
2856,다사609086,0,없음,0,0,없음,0,0,0.0,0.0,0,0.0,0.0,0.0,없음,없음,0.0,0,high
2865,다사609095,0,없음,0,0,없음,0,0,0.0,0.0,0,0.0,0.0,0.0,없음,없음,0.0,0,low
2871,다사609101,0,없음,0,0,없음,4,1,4.0,7.0,0,0.0,0.0,0.0,없음,없음,0.0,0,low
2876,다사609106,0,없음,0,0,없음,1,1,4.0,6.0,2,10.0,360.0,600.0,없음,없음,0.0,0,low
2885,다사610040,0,없음,0,0,없음,1,1,2.0,36.0,0,0.0,0.0,0.0,없음,없음,0.0,0,high
2886,다사610041,0,없음,0,0,없음,0,0,0.0,0.0,2,10.0,360.0,900.0,없음,없음,0.0,0,low
2902,다사610057,0,없음,0,9,시도,1,1,6.0,32.0,0,0.0,0.0,0.0,없음,없음,0.0,0,high
2903,다사610058,0,없음,0,4,기타,1,1,6.0,16.0,2,10.0,360.0,600.0,없음,없음,0.0,0,high
2904,다사610059,0,없음,0,0,없음,0,0,0.0,0.0,3,10.0,360.0,400.0,없음,없음,0.0,0,low
2910,다사610065,0,없음,0,0,없음,0,0,0.0,0.0,0,0.0,0.0,0.0,없음,없음,0.0,0,high
2911,다사610066,0,없음,0,0,없음,0,0,0.0,0.0,0,0.0,0.0,0.0,없음,없음,0.0,0,low
2912,다사610067,0,없음,0,0,없음,0,0,0.0,0.0,0,0.0,0.0,0.0,없음,없음,0.0,0,high
2913,다사610068,0,없음,0,0,없음,0,0,0.0,0.0,2,10.0,360.0,700.0,없음,없음,0.0,0,high
2918,다사610073,0,없음,0,0,없음,0,0,0.0,0.0,2,10.0,360.0,400.0,어린이집,N,5.0,1,low
2920,다사610075,0,없음,0,0,없음,0,0,0.0,0.0,0,0.0,0.0,0.0,없음,없음,0.0,0,low
2924,다사610079,1,없음,0,0,없음,1,1,8.0,28.0,0,0.0,0.0,0.0,없음,없음,0.0,0,high
2925,다사610080,0,없음,0,24,기타,3,1,8.0,21.666666666666668,0,0.0,0.0,0.0,없음,없음,0.0,0,high
2930,다사610085,0,없음,0,0,없음,0,0,0.0,0.0,0,0.0,0.0,0.0,없음,없음,0.0,0,high
2931,다사610086,0,없음,0,10,시도,2,1,8.0,14.5,0,0.0,0.0,0.0,없음,없음,0.0,0,low
2934,다사610089,0,없음,0,0,없음,0,0,0.0,0.0,0,0.0,0.0,0.0,없음,없음,0.0,0,low
2937,다사610092,0,없음,0,0,없음,0,0,0.0,0.0,0,0.0,0.0,0.0,없음,없음,0.0,0,low
2946,다사610101,0,없음,0,0,없음,0,0,0.0,0.0,0,0.0,0.0,0.0,없음,없음,0.0,0,low
2965,다사611044,0,없음,0,0,없음,0,0,0.0,0.0,1,10.0,360.0,1200.0,없음,없음,0.0,0,low
2967,다사611046,0,없음,0,0,없음,0,0,0.0,0.0,0,0.0,0.0,0.0,없음,없음,0.0,0,low
2968,다사611047,0,없음,0,0,없음,0,0,0.0,0.0,0,0.0,0.0,0.0,없음,없음,0.0,0,low
2973,다사611052,0,없음,0,0,없음,0,0,0.0,0.0,0,0.0,0.0,0.0,없음,없음,0.0,0,low
2975,다사611054,0,없음,0,0,없음,0,0,0.0,0.0,0,0.0,0.0,0.0,없음,없음,0.0,0,low
2978,다사611057,0,없음,0,4,시도,3,1,5.0,12.0,1,10.0,360.0,600.0,없음,없음,0.0,0,high
2979,다사611058,0,없음,0,0,없음,1,1,6.0,11.0,0,0.0,0.0,0.0,없음,없음,0.0,0,low
2980,다사611059,0,없음,0,7,기타,0,0,0.0,0.0,3,10.0,360.0,500.0,없음,없음,0.0,0,low
2982,다사611061,0,없음,0,0,없음,0,0,0.0,0.0,1,10.0,360.0,1000.0,없음,없음,0.0,0,low
2983,다사611062,0,없음,0,0,없음,0,0,0.0,0.0,5,10.0,360.0,680.0,없음,없음,0.0,0,low
2986,다사611065,0,없음,0,0,없음,0,0,0.0,0.0,0,0.0,0.0,0.0,없음,없음,0.0,0,high
2987,다사611066,0,없음,0,1,기타,1,1,4.0,8.0,0,0.0,0.0,0.0,없음,없음,0.0,0,high
2988,다사611067,1,없음,0,0,없음,1,1,2.0,6.0,1,10.0,360.0,600.0,없음,없음,0.0,0,high
2994,다사611073,1,없음,0,0,없음,0,0,0.0,0.0,0,0.0,0.0,0.0,유치원,N,6.0,1,high
2995,다사611074,0,없음,0,0,없음,2,1,2.5,7.5,1,10.0,360.0,400.0,없음,없음,0.0,0,low
2998,다사611077,0,없음,0,0,없음,1,1,4.0,7.0,0,0.0,0.0,0.0,없음,없음,0.0,0,low
2999,다사611078,0,없음,0,0,없음,0,0,0.0,0.0,0,0.0,0.0,0.0,없음,없음,0.0,0,low
3000,다사611079,1,없음,0,0,없음,2,1,4.0,4.0,1,10.0,360.0,600.0,없음,없음,0.0,0,low
3001,다사611080,0,없음,0,0,없음,0,0,0.0,0.0,0,0.0,0.0,0.0,없음,없음,0.0,0,low
3004,다사611083,0,없음,0,0,없음,0,0,0.0,0.0,0,0.0,0.0,0.0,없음,없음,0.0,0,low
3007,다사611086,1,없음,0,0,없음,0,0,0.0,0.0,0,0.0,0.0,0.0,없음,없음,0.0,0,high
3008,다사611087,0,없음,0,0,없음,1,1,8.0,17.0,0,0.0,0.0,0.0,없음,없음,0.0,0,low
3013,다사611092,0,없음,0,0,없음,0,0,0.0,0.0,0,0.0,0.0,0.0,없음,없음,0.0,0,low
3014,다사611093,0,없음,0,0,없음,0,0,0.0,0.0,0,0.0,0.0,0.0,없음,없음,0.0,0,low
3016,다사611095,0,없음,0,0,없음,0,0,0.0,0.0,0,0.0,0.0,0.0,없음,없음,0.0,0,low
3022,다사611101,0,없음,0,0,없음,0,0,0.0,0.0,1,10.0,360.0,400.0,없음,없음,0.0,0,low
3023,다사611102,0,없음,0,0,없음,0,0,0.0,0.0,0,0.0,0.0,0.0,없음,없음,0.0,0,low
3026,다사611105,0,없음,0,0,없음,2,1,5.0,10.5,0,0.0,0.0,0.0,없음,없음,0.0,0,low
3038,다사612041,0,없음,0,0,없음,0,0,0.0,0.0,0,0.0,0.0,0.0,없음,없음,0.0,0,low
3044,다사612047,0,없음,0,0,없음,1,1,6.0,20.0,0,0.0,0.0,0.0,없음,없음,0.0,0,low
3051,다사612054,0,없음,0,0,없음,0,0,0.0,0.0,0,0.0,0.0,0.0,없음,없음,0.0,0,low
3052,다사612055,0,없음,0,0,없음,0,0,0.0,0.0,0,0.0,0.0,0.0,없음,없음,0.0,0,low
3053,다사612056,0,없음,0,2,시도,1,1,3.0,10.0,0,0.0,0.0,0.0,없음,없음,0.0,0,high
3054,다사612057,1,없음,0,2,시도,1,1,7.0,20.0,1,10.0,360.0,600.0,없음,없음,0.0,0,high
3055,다사612058,0,없음,0,4,기타,1,1,3.0,10.0,2,10.0,360.0,600.0,없음,없음,0.0,0,low
3058,다사612061,1,신호,1,7,기타,3,1,5.333333333333333,23.33333333333333,3,10.0,360.0,666.6666666666666,유치원,N,6.0,1,high
3059,다사612062,0,없음,0,3,기타,0,0,0.0,0.0,0,0.0,0.0,0.0,없음,없음,0.0,0,low
3060,다사612063,0,없음,0,0,없음,0,0,0.0,0.0,2,10.0,360.0,800.0,없음,없음,0.0,0,low
3062,다사612065,0,없음,0,0,없음,0,0,0.0,0.0,0,0.0,0.0,0.0,없음,없음,0.0,0,high
3064,다사612067,0,없음,0,1,기타,3,1,4.666666666666667,5.333333333333333,2,10.0,360.0,600.0,없음,없음,0.0,0,low
3065,다사612068,0,없음,0,0,없음,0,0,0.0,0.0,2,10.0,360.0,600.0,없음,없음,0.0,0,high
3068,다사612071,1,없음,0,0,없음,0,0,0.0,0.0,2,10.0,360.0,600.0,없음,없음,0.0,0,high
3070,다사612073,0,없음,0,15,기타,2,1,6.0,16.0,0,0.0,0.0,0.0,없음,없음,0.0,0,high
3072,다사612075,0,없음,0,0,없음,0,0,0.0,0.0,1,10.0,360.0,600.0,없음,없음,0.0,0,low
3073,다사612076,0,없음,0,0,없음,0,0,0.0,0.0,0,0.0,0.0,0.0,없음,없음,0.0,0,low
3076,다사612079,0,없음,0,0,없음,0,0,0.0,0.0,0,0.0,0.0,0.0,없음,없음,0.0,0,low
3077,다사612080,0,신호,1,19,일반국도,1,1,8.0,21.0,0,0.0,0.0,0.0,없음,없음,0.0,0,high
3078,다사612081,0,없음,0,0,없음,0,0,0.0,0.0,0,0.0,0.0,0.0,없음,없음,0.0,0,high
3083,다사612086,1,없음,0,0,없음,0,0,0.0,0.0,0,0.0,0.0,0.0,없음,없음,0.0,0,low
3093,다사612096,0,없음,0,0,없음,0,0,0.0,0.0,0,0.0,0.0,0.0,없음,없음,0.0,0,low
3098,다사612101,0,신호,1,0,없음,0,0,0.0,0.0,0,0.0,0.0,0.0,없음,없음,0.0,0,high
3100,다사612103,0,없음,0,0,없음,0,0,0.0,0.0,0,0.0,0.0,0.0,없음,없음,0.0,0,low
3101,다사612104,0,없음,0,0,없음,0,0,0.0,0.0,0,0.0,0.0,0.0,없음,없음,0.0,0,low
3115,다사613041,0,없음,0,0,없음,0,0,0.0,0.0,0,0.0,0.0,0.0,없음,없음,0.0,0,low
3122,다사613048,0,없음,0,0,없음,0,0,0.0,0.0,0,0.0,0.0,0.0,없음,없음,0.0,0,low
3130,다사613056,0,없음,0,0,없음,0,0,0.0,0.0,1,10.0,360.0,700.0,없음,없음,0.0,0,low
3131,다사613057,0,없음,0,8,시도,4,1,5.0,13.5,0,0.0,0.0,0.0,없음,없음,0.0,0,high
3134,다사613060,0,없음,0,0,없음,1,1,4.0,8.0,5,10.0,360.0,600.0,없음,없음,0.0,0,low
3136,다사613062,0,없음,0,0,없음,0,0,0.0,0.0,1,10.0,360.0,400.0,없음,없음,0.0,0,low
3137,다사613063,0,없음,0,4,기타,1,1,8.0,12.0,2,10.0,360.0,1200.0,없음,없음,0.0,0,high
3138,다사613064,0,없음,0,0,없음,0,0,0.0,0.0,0,0.0,0.0,0.0,없음,없음,0.0,0,low
3139,다사613065,1,없음,0,11,기타,4,1,7.75,13.5,0,0.0,0.0,0.0,없음,없음,0.0,0,high
3140,다사613066,1,없음,0,0,없음,0,0,0.0,0.0,0,0.0,0.0,0.0,없음,없음,0.0,0,high
3141,다사613067,0,없음,0,4,기타,1,1,6.0,17.0,0,0.0,0.0,0.0,없음,없음,0.0,0,high
3142,다사613068,0,없음,0,0,없음,1,1,2.0,8.0,0,0.0,0.0,0.0,없음,없음,0.0,0,high
3145,다사613071,0,없음,0,0,없음,0,0,0.0,0.0,0,0.0,0.0,0.0,없음,없음,0.0,0,low
3146,다사613072,0,없음,0,0,없음,0,0,0.0,0.0,0,0.0,0.0,0.0,없음,없음,0.0,0,low
3147,다사613073,0,없음,0,0,없음,0,0,0.0,0.0,0,0.0,0.0,0.0,없음,없음,0.0,0,low
3148,다사613074,0,없음,0,0,없음,1,1,4.0,12.0,0,0.0,0.0,0.0,없음,없음,0.0,0,low
3149,다사613075,0,없음,0,0,없음,0,0,0.0,0.0,0,0.0,0.0,0.0,없음,없음,0.0,0,high
3150,다사613076,0,없음,0,0,없음,0,0,0.0,0.0,0,0.0,0.0,0.0,없음,없음,0.0,0,high
3153,다사613079,1,없음,0,0,없음,4,1,4.0,6.5,1,10.0,360.0,600.0,없음,없음,0.0,0,low
3154,다사613080,0,없음,0,0,없음,0,0,0.0,0.0,0,0.0,0.0,0.0,없음,없음,0.0,0,low
3155,다사613081,0,없음,0,0,없음,0,0,0.0,0.0,0,0.0,0.0,0.0,없음,없음,0.0,0,low
3156,다사613082,0,없음,0,0,없음,0,0,0.0,0.0,0,0.0,0.0,0.0,없음,없음,0.0,0,low
3175,다사613101,0,없음,0,0,없음,0,0,0.0,0.0,0,0.0,0.0,0.0,없음,없음,0.0,0,low
3180,다사613106,0,없음,0,0,없음,0,0,0.0,0.0,0,0.0,0.0,0.0,없음,없음,0.0,0,low
3211,다사614056,0,없음,0,0,없음,0,0,0.0,0.0,1,10.0,360.0,600.0,없음,없음,0.0,0,high
3212,다사614057,1,신호,1,0,없음,0,0,0.0,0.0,0,0.0,0.0,0.0,없음,없음,0.0,0,high
3214,다사614059,0,없음,0,0,없음,0,0,0.0,0.0,5,10.0,360.0,400.0,없음,없음,0.0,0,high
3215,다사614060,0,없음,0,0,없음,0,0,0.0,0.0,1,10.0,360.0,600.0,없음,없음,0.0,0,low
3216,다사614061,0,없음,0,0,없음,0,0,0.0,0.0,1,10.0,360.0,600.0,없음,없음,0.0,0,low
3223,다사614068,0,없음,0,3,기타,3,1,4.333333333333333,10.333333333333334,2,10.0,360.0,750.0,없음,없음,0.0,0,high
3224,다사614069,0,없음,0,0,없음,0,0,0.0,0.0,2,10.0,360.0,550.0,없음,없음,0.0,0,high
3225,다사614070,1,없음,0,0,없음,0,0,0.0,0.0,2,10.0,360.0,600.0,없음,없음,0.0,0,low
3226,다사614071,0,없음,0,0,없음,0,0,0.0,0.0,0,0.0,0.0,0.0,없음,없음,0.0,0,low
3228,다사614073,0,없음,0,0,없음,0,0,0.0,0.0,0,0.0,0.0,0.0,없음,없음,0.0,0,low
3229,다사614074,0,없음,0,14,일반국도,1,1,6.0,24.0,0,0.0,0.0,0.0,없음,없음,0.0,0,low
3230,다사614075,0,없음,0,0,없음,1,1,4.0,12.0,0,0.0,0.0,0.0,없음,없음,0.0,0,low
3234,다사614079,0,없음,0,0,없음,5,1,4.0,10.0,0,0.0,0.0,0.0,없음,없음,0.0,0,high
3235,다사614080,0,없음,0,0,없음,0,0,0.0,0.0,0,0.0,0.0,0.0,없음,없음,0.0,0,high
3236,다사614081,1,없음,0,16,시도,6,1,6.666666666666667,22.5,0,0.0,0.0,0.0,없음,없음,0.0,0,high
3237,다사614082,0,없음,0,0,없음,0,0,0.0,0.0,1,10.0,360.0,1600.0,없음,없음,0.0,0,low
3239,다사614084,0,없음,0,0,없음,0,0,0.0,0.0,1,10.0,360.0,1500.0,없음,없음,0.0,0,low
3240,다사614085,1,없음,0,12,시도,0,0,0.0,0.0,0,0.0,0.0,0.0,없음,없음,0.0,0,low
3241,다사614086,0,없음,0,0,없음,0,0,0.0,0.0,0,0.0,0.0,0.0,없음,없음,0.0,0,low
3249,다사614094,0,없음,0,0,없음,0,0,0.0,0.0,0,0.0,0.0,0.0,없음,없음,0.0,0,low
3259,다사614104,1,없음,0,0,없음,3,1,5.666666666666667,9.666666666666666,1,10.0,360.0,600.0,없음,없음,0.0,0,low
3267,다사615032,0,없음,0,10,일반국도,1,4,9.0,21.0,0,0.0,0.0,0.0,없음,없음,0.0,0,low
3268,다사615033,0,없음,0,2,기타,1,1,4.0,7.0,1,10.0,360.0,700.0,없음,없음,0.0,0,low
3270,다사615035,0,없음,0,7,기타,3,1,6.0,13.333333333333334,5,10.0,360.0,500.0,없음,없음,0.0,0,low
3281,다사615046,0,없음,0,0,없음,0,0,0.0,0.0,0,0.0,0.0,0.0,없음,없음,0.0,0,low
3283,다사615048,0,없음,0,0,없음,0,0,0.0,0.0,0,0.0,0.0,0.0,없음,없음,0.0,0,low
3284,다사615049,1,없음,0,2,시도,0,0,0.0,0.0,2,10.0,360.0,650.0,없음,없음,0.0,0,low
3285,다사615050,0,없음,0,0,없음,4,1,6.25,12.0,0,0.0,0.0,0.0,없음,없음,0.0,0,low
3288,다사615053,0,없음,0,2,시도,1,1,3.0,24.0,0,0.0,0.0,0.0,없음,없음,0.0,0,high
3291,다사615056,0,없음,0,2,시도,0,0,0.0,0.0,0,0.0,0.0,0.0,없음,없음,0.0,0,high
3292,다사615057,0,없음,0,0,없음,0,0,0.0,0.0,0,0.0,0.0,0.0,없음,없음,0.0,0,low
3294,다사615059,0,없음,0,0,없음,0,0,0.0,0.0,2,10.0,360.0,450.0,없음,없음,0.0,0,low
3297,다사615062,0,없음,0,0,없음,0,0,0.0,0.0,0,0.0,0.0,0.0,없음,없음,0.0,0,low
3300,다사615065,0,없음,0,0,없음,0,0,0.0,0.0,0,0.0,0.0,0.0,없음,없음,0.0,0,low
3301,다사615066,0,없음,0,0,없음,1,1,4.0,6.0,1,10.0,360.0,500.0,없음,없음,0.0,0,low
3302,다사615067,0,없음,0,0,없음,1,1,4.0,6.0,0,0.0,0.0,0.0,없음,없음,0.0,0,high
3303,다사615068,0,없음,0,0,없음,1,1,4.0,6.0,4,10.0,360.0,500.0,없음,없음,0.0,0,low
3306,다사615071,0,없음,0,0,없음,0,0,0.0,0.0,0,0.0,0.0,0.0,없음,없음,0.0,0,low
3310,다사615075,0,없음,0,0,없음,0,0,0.0,0.0,0,0.0,0.0,0.0,없음,없음,0.0,0,low
3311,다사615076,0,없음,0,0,없음,0,0,0.0,0.0,0,0.0,0.0,0.0,없음,없음,0.0,0,low
3312,다사615077,1,없음,0,0,없음,0,0,0.0,0.0,2,10.0,360.0,600.0,없음,없음,0.0,0,low
3313,다사615078,0,신호,1,22,기타,6,1,7.0,14.0,2,10.0,360.0,600.0,없음,없음,0.0,0,low
3314,다사615079,1,없음,0,0,없음,4,1,3.5,6.25,2,10.0,360.0,500.0,없음,없음,0.0,0,low
3316,다사615081,0,신호,1,0,없음,0,0,0.0,0.0,0,0.0,0.0,0.0,어린이집,Y,20.0,1,low
3334,다사615102,1,신호,1,9,시도,2,1,7.0,13.0,0,0.0,0.0,0.0,없음,없음,0.0,0,low
3335,다사615103,0,없음,0,0,없음,1,1,4.0,9.0,1,10.0,360.0,800.0,없음,없음,0.0,0,low
3340,다사616033,0,없음,0,0,없음,2,4,4.0,6.0,1,10.0,360.0,600.0,없음,없음,0.0,0,high
3341,다사616034,0,없음,0,0,없음,2,1,2.0,11.0,2,10.0,360.0,450.0,없음,없음,0.0,0,low
3342,다사616035,0,없음,0,0,없음,2,4,4.0,5.0,2,10.0,360.0,700.0,없음,없음,0.0,0,low
3343,다사616036,0,없음,0,4,기타,2,1,6.0,12.5,0,0.0,0.0,0.0,없음,없음,0.0,0,low
3344,다사616037,1,없음,0,11,기타,5,1,4.0,9.6,1,10.0,360.0,900.0,없음,없음,0.0,0,high
3349,다사616042,0,없음,0,4,시도,1,4,5.0,18.0,0,0.0,0.0,0.0,없음,없음,0.0,0,high
3351,다사616044,0,없음,0,0,없음,0,0,0.0,0.0,0,0.0,0.0,0.0,없음,없음,0.0,0,low
3352,다사616045,1,없음,0,3,기타,0,0,0.0,0.0,0,0.0,0.0,0.0,없음,없음,0.0,0,low
3353,다사616046,0,없음,0,4,기타,0,0,0.0,0.0,1,10.0,360.0,1200.0,없음,없음,0.0,0,low
3354,다사616047,0,없음,0,0,없음,0,0,0.0,0.0,0,0.0,0.0,0.0,없음,없음,0.0,0,low
3355,다사616048,0,없음,0,1,기타,1,1,6.0,15.0,0,0.0,0.0,0.0,없음,없음,0.0,0,high
3356,다사616049,1,없음,0,0,없음,0,0,0.0,0.0,0,0.0,0.0,0.0,없음,없음,0.0,0,high
3357,다사616050,1,없음,0,9,시도,2,1,4.0,17.5,2,10.0,360.0,550.0,없음,없음,0.0,0,high
3358,다사616051,0,없음,0,0,없음,0,0,0.0,0.0,0,0.0,0.0,0.0,없음,없음,0.0,0,high
3359,다사616052,0,없음,0,11,기타,3,1,5.666666666666667,10.666666666666666,0,0.0,0.0,0.0,없음,없음,0.0,0,high
3360,다사616053,1,없음,0,0,없음,0,0,0.0,0.0,0,0.0,0.0,0.0,없음,없음,0.0,0,high
3361,다사616054,1,없음,0,6,기타,5,1,4.4,12.8,0,0.0,0.0,0.0,없음,없음,0.0,0,high
3362,다사616055,0,없음,0,4,기타,8,1,4.125,11.0,1,10.0,360.0,700.0,없음,없음,0.0,0,low
3363,다사616056,0,신호,1,0,없음,0,0,0.0,0.0,0,0.0,0.0,0.0,없음,없음,0.0,0,high
3364,다사616057,0,없음,0,0,없음,1,1,2.0,3.0,1,10.0,360.0,400.0,없음,없음,0.0,0,high
3365,다사616058,0,없음,0,0,없음,0,0,0.0,0.0,1,10.0,360.0,400.0,없음,없음,0.0,0,high
3366,다사616059,0,없음,0,0,없음,2,1,2.0,3.5,5,10.0,360.0,520.0,없음,없음,0.0,0,high
3367,다사616060,0,없음,0,0,없음,2,1,2.0,3.5,0,0.0,0.0,0.0,없음,없음,0.0,0,high
3368,다사616061,0,없음,0,0,없음,3,1,3.333333333333333,7.333333333333333,0,0.0,0.0,0.0,없음,없음,0.0,0,high
3369,다사616062,0,없음,0,6,기타,1,1,6.0,8.0,0,0.0,0.0,0.0,없음,없음,0.0,0,high
3370,다사616063,0,없음,0,5,기타,1,1,2.0,6.0,0,0.0,0.0,0.0,없음,없음,0.0,0,high
3371,다사616064,0,없음,0,0,없음,0,0,0.0,0.0,0,0.0,0.0,0.0,없음,없음,0.0,0,high
3372,다사616065,0,없음,0,0,없음,1,1,4.0,6.0,2,10.0,360.0,600.0,없음,없음,0.0,0,low
3375,다사616068,0,없음,0,0,없음,0,0,0.0,0.0,6,10.0,360.0,500.0,없음,없음,0.0,0,high
3377,다사616070,0,없음,0,0,없음,1,1,4.0,6.0,2,10.0,360.0,500.0,없음,없음,0.0,0,low
3378,다사616071,0,없음,0,10,일반국도,2,1,4.0,23.5,0,0.0,0.0,0.0,없음,없음,0.0,0,low
3379,다사616072,0,없음,0,0,없음,0,0,0.0,0.0,0,0.0,0.0,0.0,없음,없음,0.0,0,high
3380,다사616073,1,없음,0,0,없음,0,0,0.0,0.0,2,10.0,360.0,1500.0,없음,없음,0.0,0,low
3381,다사616074,0,없음,0,50,기타,7,1,6.714285714285714,14.714285714285714,1,10.0,360.0,600.0,없음,없음,0.0,0,high
3383,다사616076,0,없음,0,0,없음,9,1,3.6666666666666665,11.88888888888889,2,10.0,360.0,600.0,없음,없음,0.0,0,low
3385,다사616078,0,없음,0,0,없음,0,0,0.0,0.0,0,0.0,0.0,0.0,없음,없음,0.0,0,low
3388,다사616081,0,없음,0,0,없음,0,0,0.0,0.0,0,0.0,0.0,0.0,없음,없음,0.0,0,low
3406,다사616102,0,없음,0,0,없음,0,0,0.0,0.0,0,0.0,0.0,0.0,없음,없음,0.0,0,low
3409,다사617033,0,없음,0,0,없음,0,0,0.0,0.0,0,0.0,0.0,0.0,없음,없음,0.0,0,low
3411,다사617035,0,없음,0,0,없음,0,0,0.0,0.0,0,0.0,0.0,0.0,없음,없음,0.0,0,low
3414,다사617038,0,없음,0,4,기타,2,1,5.0,16.0,0,0.0,0.0,0.0,없음,없음,0.0,0,high
3415,다사617039,0,없음,0,0,없음,2,1,5.5,16.0,2,10.0,360.0,450.0,없음,없음,0.0,0,low
3416,다사617040,1,신호,1,15,기타,1,1,6.0,15.0,1,10.0,360.0,1200.0,없음,없음,0.0,0,low
3417,다사617041,0,없음,0,2,시도,0,0,0.0,0.0,1,10.0,360.0,1200.0,초등학교,Y,12.0,1,low
3418,다사617042,0,없음,0,3,시도,3,4,5.666666666666667,15.0,0,0.0,0.0,0.0,없음,없음,0.0,0,high
3419,다사617043,0,없음,0,0,없음,0,0,0.0,0.0,0,0.0,0.0,0.0,없음,없음,0.0,0,high
3420,다사617044,0,없음,0,0,없음,4,1,6.0,19.0,0,0.0,0.0,0.0,없음,없음,0.0,0,high
3421,다사617045,0,없음,0,3,기타,0,0,0.0,0.0,1,10.0,360.0,600.0,없음,없음,0.0,0,low
3422,다사617046,0,없음,0,0,없음,0,0,0.0,0.0,0,0.0,0.0,0.0,없음,없음,0.0,0,low
3424,다사617048,1,없음,0,8,기타,1,1,6.0,20.0,1,10.0,360.0,600.0,없음,없음,0.0,0,low
3425,다사617049,0,없음,0,3,기타,0,0,0.0,0.0,0,0.0,0.0,0.0,없음,없음,0.0,0,high
3426,다사617050,0,없음,0,0,없음,1,1,4.0,12.0,1,10.0,360.0,400.0,없음,없음,0.0,0,high
3427,다사617051,0,없음,0,0,없음,0,0,0.0,0.0,3,10.0,360.0,400.0,없음,없음,0.0,0,high
3428,다사617052,0,없음,0,0,없음,0,0,0.0,0.0,3,10.0,360.0,400.0,없음,없음,0.0,0,low
3429,다사617053,0,없음,0,0,없음,0,0,0.0,0.0,0,0.0,0.0,0.0,없음,없음,0.0,0,high
3430,다사617054,0,없음,0,0,없음,0,0,0.0,0.0,0,0.0,0.0,0.0,없음,없음,0.0,0,low
3431,다사617055,0,없음,0,0,없음,0,0,0.0,0.0,2,10.0,360.0,400.0,없음,없음,0.0,0,low
3432,다사617056,0,없음,0,0,없음,0,0,0.0,0.0,0,0.0,0.0,0.0,없음,없음,0.0,0,low
3433,다사617057,0,없음,0,0,없음,0,0,0.0,0.0,0,0.0,0.0,0.0,없음,없음,0.0,0,low
3434,다사617058,0,없음,0,0,없음,3,1,2.0,4.333333333333333,0,0.0,0.0,0.0,없음,없음,0.0,0,low
3435,다사617059,0,없음,0,0,없음,0,0,0.0,0.0,0,0.0,0.0,0.0,없음,없음,0.0,0,low
3436,다사617060,0,없음,0,0,없음,5,1,4.4,12.6,0,0.0,0.0,0.0,없음,없음,0.0,0,high
3437,다사617061,0,없음,0,0,없음,1,1,2.0,6.0,2,10.0,360.0,600.0,없음,없음,0.0,0,high
3438,다사617062,1,없음,0,0,없음,0,0,0.0,0.0,1,10.0,360.0,400.0,어린이집,N,5.0,1,low
3439,다사617063,0,없음,0,0,없음,2,1,5.0,8.0,0,0.0,0.0,0.0,없음,없음,0.0,0,low
3442,다사617066,0,없음,0,0,없음,0,0,0.0,0.0,8,10.0,360.0,475.0,어린이집,N,4.0,1,low
3443,다사617067,0,없음,0,0,없음,0,0,0.0,0.0,2,10.0,360.0,300.0,없음,없음,0.0,0,high
3444,다사617068,0,없음,0,0,없음,0,0,0.0,0.0,1,10.0,360.0,500.0,없음,없음,0.0,0,low
3445,다사617069,0,없음,0,13,일반국도,4,1,3.75,13.75,0,0.0,0.0,0.0,없음,없음,0.0,0,low
3446,다사617070,0,없음,0,0,없음,0,0,0.0,0.0,1,10.0,360.0,700.0,없음,없음,0.0,0,high
3448,다사617072,1,없음,0,2,기타,1,1,6.0,11.0,0,0.0,0.0,0.0,없음,없음,0.0,0,low
3451,다사617075,0,없음,0,0,없음,0,0,0.0,0.0,0,0.0,0.0,0.0,없음,없음,0.0,0,low
3452,다사617076,0,없음,0,0,없음,0,0,0.0,0.0,0,0.0,0.0,0.0,없음,없음,0.0,0,low
3461,다사617085,0,없음,0,0,없음,0,0,0.0,0.0,2,10.0,360.0,450.0,없음,없음,0.0,0,low
3463,다사617087,0,없음,0,0,없음,0,0,0.0,0.0,0,0.0,0.0,0.0,없음,없음,0.0,0,low
3480,다사618036,1,없음,0,0,없음,1,1,4.0,6.0,1,10.0,360.0,600.0,없음,없음,0.0,0,low
3483,다사618039,0,없음,0,1,일반국도,0,0,0.0,0.0,1,10.0,360.0,600.0,없음,없음,0.0,0,low
3486,다사618042,0,없음,0,7,시도,4,4,5.25,18.75,0,0.0,0.0,0.0,없음,없음,0.0,0,low
3489,다사618045,1,없음,0,0,없음,0,0,0.0,0.0,1,10.0,360.0,600.0,없음,없음,0.0,0,low
3492,다사618048,0,없음,0,2,기타,0,0,0.0,0.0,1,10.0,360.0,1200.0,없음,없음,0.0,0,low
3493,다사618049,1,없음,0,3,시도,0,0,0.0,0.0,0,0.0,0.0,0.0,없음,없음,0.0,0,low
3494,다사618050,0,없음,0,0,없음,0,0,0.0,0.0,2,10.0,360.0,400.0,없음,없음,0.0,0,low
3495,다사618051,0,없음,0,0,없음,0,0,0.0,0.0,3,10.0,360.0,466.6666666666667,없음,없음,0.0,0,high
3496,다사618052,0,없음,0,0,없음,0,0,0.0,0.0,1,10.0,360.0,600.0,없음,없음,0.0,0,low
3497,다사618053,1,없음,0,0,없음,0,0,0.0,0.0,0,0.0,0.0,0.0,없음,없음,0.0,0,high
3498,다사618054,0,없음,0,0,없음,0,0,0.0,0.0,0,0.0,0.0,0.0,없음,없음,0.0,0,high
3499,다사618055,0,없음,0,0,없음,0,0,0.0,0.0,0,0.0,0.0,0.0,없음,없음,0.0,0,high
3500,다사618056,1,신호,1,0,없음,0,0,0.0,0.0,1,10.0,360.0,700.0,없음,없음,0.0,0,high
3502,다사618058,0,없음,0,0,없음,0,0,0.0,0.0,0,0.0,0.0,0.0,없음,없음,0.0,0,high
3503,다사618059,0,없음,0,0,없음,0,0,0.0,0.0,0,0.0,0.0,0.0,없음,없음,0.0,0,high
3505,다사618061,0,없음,0,0,없음,0,0,0.0,0.0,2,10.0,360.0,600.0,없음,없음,0.0,0,low
3506,다사618062,0,없음,0,0,없음,0,0,0.0,0.0,0,0.0,0.0,0.0,없음,없음,0.0,0,low
3507,다사618063,0,없음,0,0,없음,1,1,5.0,10.0,0,0.0,0.0,0.0,없음,없음,0.0,0,high
3510,다사618066,1,없음,0,0,없음,2,1,4.0,7.0,1,10.0,360.0,1000.0,없음,없음,0.0,0,low
3511,다사618067,0,없음,0,0,없음,3,1,2.0,3.333333333333333,0,0.0,0.0,0.0,없음,없음,0.0,0,low
3512,다사618068,0,없음,0,0,없음,0,0,0.0,0.0,2,10.0,360.0,650.0,없음,없음,0.0,0,high
3513,다사618069,0,없음,0,0,없음,0,0,0.0,0.0,3,10.0,360.0,533.3333333333334,없음,없음,0.0,0,low
3525,다사618081,0,없음,0,0,없음,0,0,0.0,0.0,0,0.0,0.0,0.0,없음,없음,0.0,0,low
3545,다사619035,0,신호,1,3,일반국도,0,0,0.0,0.0,0,0.0,0.0,0.0,없음,없음,0.0,0,high
3546,다사619036,0,없음,0,1,일반국도,0,0,0.0,0.0,0,0.0,0.0,0.0,초등학교,Y,6.0,1,low
3547,다사619037,0,없음,0,10,일반국도,1,1,2.0,4.0,3,10.0,360.0,500.0,어린이집,N,3.0,1,high
3549,다사619039,0,없음,0,0,없음,0,0,0.0,0.0,2,10.0,360.0,600.0,없음,없음,0.0,0,low
3550,다사619040,0,없음,0,0,없음,7,1,3.571428571428572,5.142857142857143,1,10.0,360.0,600.0,없음,없음,0.0,0,low
3551,다사619041,0,없음,0,0,없음,0,0,0.0,0.0,1,10.0,360.0,600.0,없음,없음,0.0,0,low
3552,다사619042,0,없음,0,0,없음,0,0,0.0,0.0,0,0.0,0.0,0.0,없음,없음,0.0,0,high
3555,다사619045,0,신호,1,0,없음,0,0,0.0,0.0,0,0.0,0.0,0.0,초등학교,Y,12.0,1,low
3558,다사619048,1,없음,0,5,시도,0,0,0.0,0.0,0,0.0,0.0,0.0,없음,없음,0.0,0,high
3559,다사619049,0,없음,0,4,시도,0,0,0.0,0.0,0,0.0,0.0,0.0,없음,없음,0.0,0,low
3561,다사619051,1,없음,0,0,없음,0,0,0.0,0.0,4,10.0,360.0,650.0,없음,없음,0.0,0,high
3562,다사619052,0,없음,0,0,없음,0,0,0.0,0.0,4,10.0,360.0,400.0,없음,없음,0.0,0,low
3563,다사619053,1,없음,0,0,없음,0,0,0.0,0.0,1,10.0,360.0,600.0,없음,없음,0.0,0,high
3564,다사619054,0,없음,0,0,없음,0,0,0.0,0.0,3,10.0,360.0,466.6666666666667,어린이집,N,5.0,1,low
3565,다사619055,0,없음,0,0,없음,0,0,0.0,0.0,3,10.0,360.0,466.6666666666667,없음,없음,0.0,0,low
3566,다사619056,1,없음,0,0,없음,0,0,0.0,0.0,0,0.0,0.0,0.0,없음,없음,0.0,0,high
3568,다사619058,1,없음,0,0,없음,0,0,0.0,0.0,2,10.0,360.0,400.0,초등학교,Y,12.0,1,low
3569,다사619059,0,없음,0,0,없음,0,0,0.0,0.0,3,10.0,360.0,533.3333333333334,없음,없음,0.0,0,high
3570,다사619060,0,없음,0,0,없음,0,0,0.0,0.0,2,10.0,360.0,600.0,없음,없음,0.0,0,low
3571,다사619061,0,없음,0,0,없음,1,1,2.0,4.0,2,10.0,360.0,600.0,없음,없음,0.0,0,low
3572,다사619062,0,없음,0,0,없음,0,0,0.0,0.0,6,10.0,360.0,500.0,없음,없음,0.0,0,low
3573,다사619063,0,없음,0,0,없음,0,0,0.0,0.0,4,10.0,360.0,450.0,없음,없음,0.0,0,low
3574,다사619064,0,없음,0,0,없음,1,1,5.0,10.0,0,0.0,0.0,0.0,없음,없음,0.0,0,high
3576,다사619066,0,없음,0,0,없음,0,0,0.0,0.0,0,0.0,0.0,0.0,없음,없음,0.0,0,low
3577,다사619067,0,없음,0,0,없음,2,1,2.0,3.0,4,10.0,360.0,500.0,없음,없음,0.0,0,low
3580,다사619070,0,없음,0,0,없음,0,0,0.0,0.0,2,10.0,360.0,400.0,없음,없음,0.0,0,low
3581,다사619071,0,없음,0,0,없음,0,0,0.0,0.0,3,10.0,360.0,600.0,없음,없음,0.0,0,low
3582,다사619072,1,없음,0,4,기타,3,4,3.333333333333333,12.0,6,10.0,360.0,750.0,없음,없음,0.0,0,low
3611,다사620036,0,없음,0,1,일반국도,0,0,0.0,0.0,0,0.0,0.0,0.0,유치원,N,15.0,1,low
3612,다사620037,0,속도,1,4,일반국도,6,1,4.333333333333333,11.333333333333334,0,0.0,0.0,0.0,없음,없음,0.0,0,high
3613,다사620038,0,없음,0,0,없음,0,0,0.0,0.0,0,0.0,0.0,0.0,없음,없음,0.0,0,low
3614,다사620039,0,속도,1,4,일반국도,1,1,6.0,18.0,2,10.0,360.0,600.0,어린이집,N,6.0,1,high
3615,다사620040,0,없음,0,0,없음,0,0,0.0,0.0,0,0.0,0.0,0.0,없음,없음,0.0,0,low
3616,다사620041,0,없음,0,8,일반국도,6,4,4.166666666666667,14.666666666666666,1,10.0,360.0,300.0,없음,없음,0.0,0,high
3617,다사620042,0,신호,1,3,일반국도,0,0,0.0,0.0,0,0.0,0.0,0.0,없음,없음,0.0,0,high
3618,다사620043,0,없음,0,4,일반국도,1,1,6.0,20.0,0,0.0,0.0,0.0,없음,없음,0.0,0,low
3619,다사620044,1,없음,0,0,없음,0,0,0.0,0.0,0,0.0,0.0,0.0,없음,없음,0.0,0,low
3620,다사620045,0,신호,1,0,없음,0,0,0.0,0.0,0,0.0,0.0,0.0,어린이집,N,12.0,1,low
3622,다사620047,0,없음,0,3,기타,0,0,0.0,0.0,0,0.0,0.0,0.0,없음,없음,0.0,0,low
3623,다사620048,1,없음,0,4,기타,0,0,0.0,0.0,0,0.0,0.0,0.0,없음,없음,0.0,0,low
3624,다사620049,0,없음,0,3,일반국도,0,0,0.0,0.0,0,0.0,0.0,0.0,없음,없음,0.0,0,low
3625,다사620050,0,없음,0,0,없음,0,0,0.0,0.0,4,10.0,360.0,400.0,없음,없음,0.0,0,low
3626,다사620051,1,없음,0,0,없음,0,0,0.0,0.0,0,0.0,0.0,0.0,없음,없음,0.0,0,high
3627,다사620052,1,없음,0,0,없음,0,0,0.0,0.0,4,10.0,360.0,450.0,없음,없음,0.0,0,low
3628,다사620053,0,없음,0,0,없음,0,0,0.0,0.0,1,10.0,360.0,400.0,없음,없음,0.0,0,high
3630,다사620055,0,없음,0,0,없음,0,0,0.0,0.0,2,10.0,360.0,400.0,없음,없음,0.0,0,low
3631,다사620056,0,없음,0,0,없음,0,0,0.0,0.0,0,0.0,0.0,0.0,없음,없음,0.0,0,high
3632,다사620057,0,없음,0,0,없음,0,0,0.0,0.0,1,10.0,360.0,400.0,없음,없음,0.0,0,low
3633,다사620058,0,없음,0,0,없음,0,0,0.0,0.0,1,10.0,360.0,400.0,없음,없음,0.0,0,low
3634,다사620059,0,없음,0,0,없음,0,0,0.0,0.0,6,10.0,360.0,533.3333333333334,없음,없음,0.0,0,low
3635,다사620060,0,없음,0,0,없음,0,0,0.0,0.0,1,10.0,360.0,600.0,없음,없음,0.0,0,low
3637,다사620062,0,없음,0,0,없음,0,0,0.0,0.0,2,10.0,360.0,400.0,없음,없음,0.0,0,low
3638,다사620063,0,없음,0,4,일반국도,1,4,8.0,18.0,2,10.0,360.0,400.0,없음,없음,0.0,0,high
3639,다사620064,0,신호,1,12,일반국도,7,4,6.857142857142857,11.714285714285714,0,0.0,0.0,0.0,없음,없음,0.0,0,high
3640,다사620065,0,없음,0,0,없음,0,0,0.0,0.0,0,0.0,0.0,0.0,없음,없음,0.0,0,low
3643,다사620068,0,없음,0,0,없음,0,0,0.0,0.0,2,10.0,360.0,650.0,없음,없음,0.0,0,low
3647,다사620072,0,없음,0,4,기타,1,1,6.0,13.0,2,10.0,360.0,800.0,없음,없음,0.0,0,low
3670,다사621037,1,없음,0,0,없음,0,0,0.0,0.0,0,0.0,0.0,0.0,없음,없음,0.0,0,low
3675,다사621042,0,없음,0,0,없음,0,0,0.0,0.0,0,0.0,0.0,0.0,없음,없음,0.0,0,high
3676,다사621043,0,없음,0,0,없음,0,0,0.0,0.0,1,10.0,360.0,400.0,없음,없음,0.0,0,low
3677,다사621044,0,없음,0,0,없음,2,1,3.0,8.5,1,10.0,360.0,600.0,없음,없음,0.0,0,high
3678,다사621045,0,없음,0,4,일반국도,1,1,6.0,20.0,0,0.0,0.0,0.0,없음,없음,0.0,0,high
3679,다사621046,0,없음,0,7,일반국도,2,1,6.0,20.0,0,0.0,0.0,0.0,없음,없음,0.0,0,high
3680,다사621047,0,없음,0,9,일반국도,2,4,3.0,4.0,0,0.0,0.0,0.0,없음,없음,0.0,0,high
3681,다사621048,1,없음,0,6,일반국도,1,1,4.0,11.0,1,10.0,360.0,600.0,없음,없음,0.0,0,high
3682,다사621049,0,없음,0,5,일반국도,0,0,0.0,0.0,0,0.0,0.0,0.0,없음,없음,0.0,0,high
3683,다사621050,1,없음,0,3,일반국도,0,0,0.0,0.0,0,0.0,0.0,0.0,없음,없음,0.0,0,high
3684,다사621051,1,없음,0,1,기타,4,1,2.75,9.5,2,10.0,360.0,700.0,없음,없음,0.0,0,high
3685,다사621052,0,없음,0,29,일반국도,27,1,4.074074074074074,12.148148148148149,0,0.0,0.0,0.0,없음,없음,0.0,0,high
3686,다사621053,0,없음,0,5,기타,0,0,0.0,0.0,0,0.0,0.0,0.0,없음,없음,0.0,0,high
3687,다사621054,0,없음,0,6,일반국도,0,0,0.0,0.0,0,0.0,0.0,0.0,없음,없음,0.0,0,high
3688,다사621055,0,없음,0,0,없음,0,0,0.0,0.0,1,10.0,360.0,400.0,없음,없음,0.0,0,high
3689,다사621056,0,신호,1,1,일반국도,0,0,0.0,0.0,0,0.0,0.0,0.0,없음,없음,0.0,0,high
3690,다사621057,0,없음,0,0,없음,0,0,0.0,0.0,0,0.0,0.0,0.0,없음,없음,0.0,0,high
3691,다사621058,0,없음,0,0,없음,0,0,0.0,0.0,0,0.0,0.0,0.0,없음,없음,0.0,0,high
3692,다사621059,0,없음,0,34,시도,18,1,4.777777777777778,12.88888888888889,1,10.0,360.0,600.0,없음,없음,0.0,0,high
3693,다사621060,0,없음,0,0,없음,0,0,0.0,0.0,0,0.0,0.0,0.0,없음,없음,0.0,0,high
3694,다사621061,0,없음,0,0,없음,0,0,0.0,0.0,1,10.0,360.0,600.0,없음,없음,0.0,0,high
3695,다사621062,0,없음,0,4,일반국도,1,1,6.0,18.0,1,10.0,360.0,600.0,없음,없음,0.0,0,low
3696,다사621063,0,없음,0,0,없음,1,1,3.0,8.0,3,10.0,360.0,533.3333333333334,없음,없음,0.0,0,high
3697,다사621064,0,없음,0,0,없음,1,1,2.0,9.0,2,10.0,360.0,500.0,없음,없음,0.0,0,high
3698,다사621065,0,없음,0,0,없음,0,0,0.0,0.0,0,0.0,0.0,0.0,없음,없음,0.0,0,low
3702,다사621069,0,없음,0,0,없음,0,0,0.0,0.0,4,10.0,360.0,600.0,어린이집,N,6.0,1,low
3704,다사621071,0,신호,1,0,없음,0,0,0.0,0.0,1,10.0,360.0,600.0,어린이집,N,7.0,1,low
3717,다사622036,0,없음,0,0,없음,0,0,0.0,0.0,0,0.0,0.0,0.0,없음,없음,0.0,0,low
3725,다사622044,1,없음,0,3,기타,0,0,0.0,0.0,1,10.0,360.0,600.0,없음,없음,0.0,0,high
3726,다사622045,0,없음,0,3,기타,1,1,3.0,5.0,2,10.0,360.0,600.0,없음,없음,0.0,0,high
3727,다사622046,0,없음,0,0,없음,0,0,0.0,0.0,1,10.0,360.0,600.0,없음,없음,0.0,0,low
3730,다사622049,0,없음,0,0,없음,0,0,0.0,0.0,0,0.0,0.0,0.0,없음,없음,0.0,0,low
3732,다사622051,0,없음,0,0,없음,0,0,0.0,0.0,2,10.0,360.0,600.0,없음,없음,0.0,0,low
3733,다사622052,0,없음,0,0,없음,0,0,0.0,0.0,0,0.0,0.0,0.0,없음,없음,0.0,0,low
3734,다사622053,1,신호,1,8,기타,0,0,0.0,0.0,0,0.0,0.0,0.0,없음,없음,0.0,0,high
3735,다사622054,0,없음,0,0,없음,0,0,0.0,0.0,2,10.0,360.0,600.0,없음,없음,0.0,0,low
3736,다사622055,0,없음,0,4,기타,4,1,7.0,18.0,1,10.0,360.0,600.0,없음,없음,0.0,0,high
3737,다사622056,1,없음,0,7,시도,6,1,6.0,23.0,0,0.0,0.0,0.0,없음,없음,0.0,0,high
3738,다사622057,1,없음,0,0,없음,3,1,4.0,7.666666666666667,1,10.0,360.0,600.0,없음,없음,0.0,0,high
3739,다사622058,1,없음,0,0,없음,0,0,0.0,0.0,0,0.0,0.0,0.0,없음,없음,0.0,0,low
3740,다사622059,0,없음,0,27,기타,16,1,5.0625,16.5625,2,10.0,360.0,600.0,없음,없음,0.0,0,low
3741,다사622060,0,없음,0,0,없음,0,0,0.0,0.0,0,0.0,0.0,0.0,없음,없음,0.0,0,high
3742,다사622061,1,없음,0,0,없음,0,0,0.0,0.0,0,0.0,0.0,0.0,없음,없음,0.0,0,high
3743,다사622062,0,없음,0,0,없음,0,0,0.0,0.0,0,0.0,0.0,0.0,없음,없음,0.0,0,low
3744,다사622063,0,없음,0,11,기타,7,1,4.0,9.285714285714286,5,10.0,360.0,680.0,없음,없음,0.0,0,low
3745,다사622064,0,없음,0,0,없음,0,0,0.0,0.0,0,0.0,0.0,0.0,없음,없음,0.0,0,low
3746,다사622065,0,없음,0,4,국가지원지방도,2,1,4.5,12.5,1,10.0,360.0,600.0,없음,없음,0.0,0,high
3751,다사622070,0,없음,0,1,기타,0,0,0.0,0.0,3,10.0,360.0,600.0,없음,없음,0.0,0,low
3752,다사622071,1,없음,0,2,시도,0,0,0.0,0.0,2,10.0,360.0,200.0,없음,없음,0.0,0,low
3766,다사623041,0,없음,0,0,없음,2,1,4.0,10.0,0,0.0,0.0,0.0,없음,없음,0.0,0,low
3767,다사623042,0,없음,0,10,지방도,1,1,6.0,20.0,0,0.0,0.0,0.0,없음,없음,0.0,0,high
3768,다사623043,0,없음,0,0,없음,0,0,0.0,0.0,1,10.0,360.0,600.0,없음,없음,0.0,0,low
3773,다사623048,1,없음,0,0,없음,1,1,5.0,17.0,3,10.0,360.0,800.0,없음,없음,0.0,0,low
3774,다사623049,0,없음,0,0,없음,0,0,0.0,0.0,0,0.0,0.0,0.0,없음,없음,0.0,0,low
3778,다사623053,0,없음,0,0,없음,0,0,0.0,0.0,0,0.0,0.0,0.0,없음,없음,0.0,0,low
3779,다사623054,0,없음,0,24,기타,9,1,5.444444444444445,15.11111111111111,1,10.0,360.0,600.0,없음,없음,0.0,0,high
3780,다사623055,1,없음,0,4,기타,2,1,3.0,8.0,1,10.0,360.0,600.0,없음,없음,0.0,0,high
3781,다사623056,0,없음,0,13,시도,0,0,0.0,0.0,0,0.0,0.0,0.0,없음,없음,0.0,0,high
3782,다사623057,1,없음,0,0,없음,0,0,0.0,0.0,1,10.0,360.0,600.0,없음,없음,0.0,0,high
3783,다사623058,0,없음,0,26,기타,7,1,5.285714285714286,18.0,0,0.0,0.0,0.0,없음,없음,0.0,0,low
3784,다사623059,0,없음,0,0,없음,0,0,0.0,0.0,0,0.0,0.0,0.0,없음,없음,0.0,0,low
3785,다사623060,0,없음,0,0,없음,0,0,0.0,0.0,0,0.0,0.0,0.0,없음,없음,0.0,0,low
3786,다사623061,0,없음,0,0,없음,0,0,0.0,0.0,0,0.0,0.0,0.0,없음,없음,0.0,0,low
3789,다사623064,1,없음,0,0,없음,0,0,0.0,0.0,1,10.0,360.0,600.0,없음,없음,0.0,0,low
3791,다사623066,0,없음,0,12,국가지원지방도,2,1,6.0,20.5,0,0.0,0.0,0.0,없음,없음,0.0,0,high
3793,다사623068,0,없음,0,0,없음,1,1,4.0,5.0,0,0.0,0.0,0.0,없음,없음,0.0,0,low
3794,다사623069,0,없음,0,0,없음,0,0,0.0,0.0,0,0.0,0.0,0.0,없음,없음,0.0,0,low
3795,다사623070,0,없음,0,11,시도,3,1,4.0,14.0,0,0.0,0.0,0.0,없음,없음,0.0,0,high
3796,다사623071,0,없음,0,0,없음,0,0,0.0,0.0,0,0.0,0.0,0.0,없음,없음,0.0,0,low
3799,다사624032,0,없음,0,0,없음,2,1,5.0,13.0,2,10.0,360.0,800.0,없음,없음,0.0,0,low
3804,다사624037,0,없음,0,0,없음,0,0,0.0,0.0,0,0.0,0.0,0.0,없음,없음,0.0,0,low
3809,다사624042,0,없음,0,0,없음,0,0,0.0,0.0,0,0.0,0.0,0.0,없음,없음,0.0,0,low
3810,다사624043,0,없음,0,0,없음,0,0,0.0,0.0,0,0.0,0.0,0.0,없음,없음,0.0,0,low
3812,다사624045,0,없음,0,0,없음,0,0,0.0,0.0,0,0.0,0.0,0.0,없음,없음,0.0,0,low
3815,다사624048,0,없음,0,0,없음,0,0,0.0,0.0,2,10.0,360.0,550.0,없음,없음,0.0,0,low
3816,다사624049,0,없음,0,0,없음,0,0,0.0,0.0,0,0.0,0.0,0.0,없음,없음,0.0,0,low
3817,다사624050,0,없음,0,0,없음,0,0,0.0,0.0,0,0.0,0.0,0.0,없음,없음,0.0,0,low
3820,다사624053,0,없음,0,0,없음,0,0,0.0,0.0,0,0.0,0.0,0.0,없음,없음,0.0,0,low
3823,다사624056,0,없음,0,0,없음,0,0,0.0,0.0,0,0.0,0.0,0.0,없음,없음,0.0,0,low
3824,다사624057,0,없음,0,0,없음,0,0,0.0,0.0,0,0.0,0.0,0.0,없음,없음,0.0,0,low
3828,다사624061,1,신호,1,3,기타,0,0,0.0,0.0,0,0.0,0.0,0.0,없음,없음,0.0,0,low
3829,다사624062,0,없음,0,0,없음,1,1,4.0,8.0,0,0.0,0.0,0.0,없음,없음,0.0,0,high
3833,다사624066,0,없음,0,0,없음,1,1,3.0,22.0,0,0.0,0.0,0.0,없음,없음,0.0,0,low
3836,다사624069,0,없음,0,6,시도,1,1,8.0,12.0,0,0.0,0.0,0.0,없음,없음,0.0,0,high
3844,다사625037,0,없음,0,5,시도,2,1,4.5,10.0,0,0.0,0.0,0.0,없음,없음,0.0,0,low
3846,다사625039,0,없음,0,5,시도,2,1,4.0,18.5,2,10.0,360.0,800.0,없음,없음,0.0,0,low
3848,다사625041,0,없음,0,1,시도,2,4,6.0,5.0,0,0.0,0.0,0.0,없음,없음,0.0,0,low
3849,다사625042,0,없음,0,19,시도,7,4,5.714285714285714,14.857142857142858,0,0.0,0.0,0.0,없음,없음,0.0,0,high
3850,다사625043,0,없음,0,6,시도,2,1,5.0,18.5,0,0.0,0.0,0.0,없음,없음,0.0,0,high
3851,다사625044,0,없음,0,0,없음,0,0,0.0,0.0,0,0.0,0.0,0.0,없음,없음,0.0,0,low
3852,다사625045,0,없음,0,6,시도,2,1,4.5,15.0,0,0.0,0.0,0.0,없음,없음,0.0,0,low
3854,다사625047,0,없음,0,0,없음,1,1,3.0,5.0,0,0.0,0.0,0.0,없음,없음,0.0,0,high
3855,다사625048,0,없음,0,0,없음,5,1,4.8,12.0,1,10.0,360.0,500.0,없음,없음,0.0,0,low
3856,다사625049,0,없음,0,6,시도,0,0,0.0,0.0,0,0.0,0.0,0.0,없음,없음,0.0,0,low
3857,다사625050,0,없음,0,6,시도,4,4,6.0,17.5,0,0.0,0.0,0.0,없음,없음,0.0,0,high
3858,다사625051,0,없음,0,0,없음,0,0,0.0,0.0,0,0.0,0.0,0.0,없음,없음,0.0,0,low
3860,다사625053,0,없음,0,15,시도,3,1,7.0,30.0,0,0.0,0.0,0.0,없음,없음,0.0,0,high
3861,다사625054,0,신호,1,0,없음,0,0,0.0,0.0,0,0.0,0.0,0.0,없음,없음,0.0,0,low
3862,다사625055,0,없음,0,2,시도,0,0,0.0,0.0,0,0.0,0.0,0.0,없음,없음,0.0,0,high
3863,다사625056,0,없음,0,3,시도,0,0,0.0,0.0,0,0.0,0.0,0.0,없음,없음,0.0,0,high
3864,다사625057,0,없음,0,0,없음,0,0,0.0,0.0,0,0.0,0.0,0.0,없음,없음,0.0,0,high
3869,다사625062,0,없음,0,0,없음,0,0,0.0,0.0,0,0.0,0.0,0.0,없음,없음,0.0,0,low
3870,다사625063,0,없음,0,0,없음,0,0,0.0,0.0,0,0.0,0.0,0.0,없음,없음,0.0,0,low
3871,다사625064,1,신호,1,42,기타,12,1,5.416666666666667,16.25,0,0.0,0.0,0.0,없음,없음,0.0,0,high
3872,다사625065,0,없음,0,0,없음,0,0,0.0,0.0,0,0.0,0.0,0.0,없음,없음,0.0,0,low
3873,다사625066,0,없음,0,0,없음,0,0,0.0,0.0,0,0.0,0.0,0.0,없음,없음,0.0,0,low
3874,다사625067,0,신호,1,0,없음,0,0,0.0,0.0,0,0.0,0.0,0.0,없음,없음,0.0,0,high
3875,다사625068,1,없음,0,6,기타,0,0,0.0,0.0,0,0.0,0.0,0.0,없음,없음,0.0,0,low
3876,다사625069,0,없음,0,0,없음,0,0,0.0,0.0,0,0.0,0.0,0.0,없음,없음,0.0,0,low
3878,다사625071,0,없음,0,0,없음,0,0,0.0,0.0,0,0.0,0.0,0.0,없음,없음,0.0,0,low
3881,다사626032,0,없음,0,12,시도,3,1,6.333333333333333,15.0,0,0.0,0.0,0.0,없음,없음,0.0,0,low
3882,다사626033,0,없음,0,0,없음,0,0,0.0,0.0,0,0.0,0.0,0.0,없음,없음,0.0,0,low
3883,다사626034,0,없음,0,4,시도,1,1,6.0,15.0,0,0.0,0.0,0.0,없음,없음,0.0,0,low
3884,다사626035,0,없음,0,3,시도,0,0,0.0,0.0,1,10.0,360.0,400.0,없음,없음,0.0,0,high
3888,다사626039,0,없음,0,0,없음,0,0,0.0,0.0,0,0.0,0.0,0.0,없음,없음,0.0,0,low
3891,다사626042,0,없음,0,0,없음,0,0,0.0,0.0,0,0.0,0.0,0.0,없음,없음,0.0,0,low
3892,다사626043,0,없음,0,3,기타,6,1,3.0,5.333333333333333,0,0.0,0.0,0.0,없음,없음,0.0,0,low
3897,다사626048,0,없음,0,0,없음,0,0,0.0,0.0,0,0.0,0.0,0.0,없음,없음,0.0,0,low
3899,다사626050,0,없음,0,0,없음,0,0,0.0,0.0,0,0.0,0.0,0.0,없음,없음,0.0,0,high
3900,다사626051,0,없음,0,0,없음,0,0,0.0,0.0,2,10.0,360.0,400.0,유치원,N,6.0,1,low
3905,다사626056,0,없음,0,4,시도,0,0,0.0,0.0,0,0.0,0.0,0.0,없음,없음,0.0,0,low
3907,다사626058,0,없음,0,12,시도,2,1,5.5,35.0,0,0.0,0.0,0.0,없음,없음,0.0,0,low
3908,다사626059,0,없음,0,0,없음,0,0,0.0,0.0,0,0.0,0.0,0.0,없음,없음,0.0,0,low
3909,다사626060,0,없음,0,0,없음,0,0,0.0,0.0,0,0.0,0.0,0.0,없음,없음,0.0,0,low
3916,다사626067,0,없음,0,2,국가지원지방도,1,1,5.0,23.0,3,10.0,360.0,600.0,없음,없음,0.0,0,high
3927,다사627037,0,없음,0,0,없음,0,0,0.0,0.0,0,0.0,0.0,0.0,없음,없음,0.0,0,low
3928,다사627038,0,없음,0,2,시도,2,1,6.0,11.0,0,0.0,0.0,0.0,없음,없음,0.0,0,low
3932,다사627042,0,없음,0,14,기타,4,4,3.25,10.0,0,0.0,0.0,0.0,없음,없음,0.0,0,high
3940,다사627050,0,없음,0,0,없음,0,0,0.0,0.0,1,10.0,360.0,700.0,없음,없음,0.0,0,high
3950,다사627060,0,없음,0,0,없음,0,0,0.0,0.0,0,0.0,0.0,0.0,없음,없음,0.0,0,high
3951,다사627061,0,없음,0,0,없음,0,0,0.0,0.0,0,0.0,0.0,0.0,없음,없음,0.0,0,high
3952,다사627062,0,신호,1,13,시도,2,1,5.0,34.0,0,0.0,0.0,0.0,없음,없음,0.0,0,high
3953,다사627063,0,없음,0,0,없음,0,0,0.0,0.0,1,10.0,360.0,1200.0,없음,없음,0.0,0,low
3957,다사627067,0,없음,0,0,없음,0,0,0.0,0.0,0,0.0,0.0,0.0,없음,없음,0.0,0,low
3959,다사627069,1,없음,0,0,없음,0,0,0.0,0.0,0,0.0,0.0,0.0,없음,없음,0.0,0,low
3963,다사628033,1,없음,0,0,없음,0,0,0.0,0.0,0,0.0,0.0,0.0,없음,없음,0.0,0,low
3970,다사628040,0,없음,0,5,지방도,5,4,4.0,12.0,1,10.0,360.0,800.0,없음,없음,0.0,0,low
3971,다사628041,0,없음,0,4,지방도,3,4,4.333333333333333,14.666666666666666,1,10.0,360.0,1100.0,없음,없음,0.0,0,low
3972,다사628042,0,없음,0,4,지방도,2,4,4.0,12.5,0,0.0,0.0,0.0,없음,없음,0.0,0,high
3980,다사628050,0,없음,0,0,없음,0,0,0.0,0.0,1,10.0,360.0,300.0,없음,없음,0.0,0,high
3993,다사628063,0,없음,0,1,기타,2,1,5.0,13.0,0,0.0,0.0,0.0,없음,없음,0.0,0,high
3994,다사628064,0,없음,0,0,없음,0,0,0.0,0.0,0,0.0,0.0,0.0,없음,없음,0.0,0,low
3995,다사628065,0,없음,0,0,없음,0,0,0.0,0.0,0,0.0,0.0,0.0,없음,없음,0.0,0,low
3997,다사628067,0,없음,0,0,없음,0,0,0.0,0.0,0,0.0,0.0,0.0,없음,없음,0.0,0,high
3999,다사628069,0,없음,0,0,없음,0,0,0.0,0.0,0,0.0,0.0,0.0,없음,없음,0.0,0,low
4007,다사629037,0,없음,0,12,기타,3,1,5.666666666666667,11.333333333333334,0,0.0,0.0,0.0,없음,없음,0.0,0,low
4010,다사629040,0,없음,0,0,없음,0,0,0.0,0.0,2,10.0,360.0,600.0,없음,없음,0.0,0,low
4012,다사629042,0,없음,0,0,없음,1,1,8.0,16.0,2,10.0,360.0,750.0,없음,없음,0.0,0,high
4015,다사629045,0,없음,0,0,없음,0,0,0.0,0.0,0,0.0,0.0,0.0,없음,없음,0.0,0,low
4020,다사629050,0,없음,0,0,없음,0,0,0.0,0.0,0,0.0,0.0,0.0,없음,없음,0.0,0,high
4026,다사629056,0,없음,0,0,없음,0,0,0.0,0.0,0,0.0,0.0,0.0,없음,없음,0.0,0,low
4036,다사629066,0,없음,0,0,없음,0,0,0.0,0.0,0,0.0,0.0,0.0,없음,없음,0.0,0,low
4037,다사629067,0,없음,0,7,국가지원지방도,4,4,5.5,19.0,0,0.0,0.0,0.0,없음,없음,0.0,0,high
4038,다사629068,0,없음,0,8,국가지원지방도,4,4,6.25,18.75,0,0.0,0.0,0.0,없음,없음,0.0,0,low
4049,다사630040,0,없음,0,0,없음,0,0,0.0,0.0,2,10.0,360.0,300.0,없음,없음,0.0,0,low
4051,다사630042,0,없음,0,6,시도,2,1,5.0,8.5,1,10.0,360.0,300.0,없음,없음,0.0,0,low
4052,다사630043,0,신호,1,0,없음,1,1,6.0,11.0,2,10.0,360.0,450.0,유치원,N,6.0,1,low
4054,다사630045,0,없음,0,1,시도,1,1,6.0,11.0,1,10.0,360.0,600.0,없음,없음,0.0,0,low
4055,다사630046,0,없음,0,4,기타,3,1,6.666666666666667,10.0,2,10.0,360.0,600.0,없음,없음,0.0,0,low
4059,다사630050,0,없음,0,0,없음,0,0,0.0,0.0,0,0.0,0.0,0.0,없음,없음,0.0,0,low
4060,다사630051,0,없음,0,0,없음,0,0,0.0,0.0,0,0.0,0.0,0.0,없음,없음,0.0,0,high
4061,다사630052,0,없음,0,3,기타,3,1,6.666666666666667,16.333333333333332,0,0.0,0.0,0.0,없음,없음,0.0,0,low
4062,다사630053,0,없음,0,0,없음,0,0,0.0,0.0,0,0.0,0.0,0.0,없음,없음,0.0,0,low
4063,다사630054,0,없음,0,0,없음,0,0,0.0,0.0,0,0.0,0.0,0.0,없음,없음,0.0,0,low
4064,다사630055,0,신호,1,15,시도,2,1,5.0,16.0,0,0.0,0.0,0.0,없음,없음,0.0,0,high
4065,다사630056,0,없음,0,0,없음,0,0,0.0,0.0,0,0.0,0.0,0.0,없음,없음,0.0,0,high
4066,다사630057,0,없음,0,0,없음,0,0,0.0,0.0,0,0.0,0.0,0.0,없음,없음,0.0,0,low
4068,다사630059,0,없음,0,0,없음,0,0,0.0,0.0,0,0.0,0.0,0.0,없음,없음,0.0,0,low
4069,다사630060,0,없음,0,0,없음,0,0,0.0,0.0,0,0.0,0.0,0.0,없음,없음,0.0,0,low
4076,다사630067,0,없음,0,0,없음,0,0,0.0,0.0,0,0.0,0.0,0.0,없음,없음,0.0,0,low
4077,다사630068,0,없음,0,0,없음,0,0,0.0,0.0,0,0.0,0.0,0.0,없음,없음,0.0,0,low
4086,다사631038,0,없음,0,2,지방도,2,4,4.0,19.0,1,10.0,360.0,1400.0,없음,없음,0.0,0,low
4089,다사631041,0,없음,0,0,없음,0,0,0.0,0.0,1,10.0,360.0,500.0,없음,없음,0.0,0,low
4093,다사631045,0,없음,0,0,없음,0,0,0.0,0.0,0,0.0,0.0,0.0,없음,없음,0.0,0,low
4094,다사631046,0,없음,0,0,없음,0,0,0.0,0.0,0,0.0,0.0,0.0,없음,없음,0.0,0,low
4095,다사631047,0,없음,0,0,없음,0,0,0.0,0.0,0,0.0,0.0,0.0,없음,없음,0.0,0,high
4096,다사631048,0,없음,0,0,없음,0,0,0.0,0.0,0,0.0,0.0,0.0,없음,없음,0.0,0,high
4097,다사631049,0,없음,0,1,기타,1,1,4.0,22.0,0,0.0,0.0,0.0,없음,없음,0.0,0,low
4098,다사631050,0,없음,0,0,없음,0,0,0.0,0.0,0,0.0,0.0,0.0,없음,없음,0.0,0,low
4104,다사631056,0,없음,0,0,없음,0,0,0.0,0.0,0,0.0,0.0,0.0,유치원,N,4.0,1,low
4106,다사631058,0,없음,0,0,없음,0,0,0.0,0.0,0,0.0,0.0,0.0,없음,없음,0.0,0,low
4107,다사631059,0,없음,0,0,없음,0,0,0.0,0.0,0,0.0,0.0,0.0,없음,없음,0.0,0,low
4108,다사631060,0,없음,0,0,없음,0,0,0.0,0.0,0,0.0,0.0,0.0,없음,없음,0.0,0,low
4109,다사631061,0,없음,0,0,없음,0,0,0.0,0.0,0,0.0,0.0,0.0,없음,없음,0.0,0,high
4115,다사631067,0,없음,0,0,없음,0,0,0.0,0.0,0,0.0,0.0,0.0,없음,없음,0.0,0,low
4126,다사632038,0,없음,0,4,지방도,0,0,0.0,0.0,1,10.0,360.0,1400.0,없음,없음,0.0,0,low
4130,다사632042,0,없음,0,0,없음,0,0,0.0,0.0,0,0.0,0.0,0.0,없음,없음,0.0,0,low
4131,다사632043,0,없음,0,0,없음,0,0,0.0,0.0,0,0.0,0.0,0.0,없음,없음,0.0,0,low
4132,다사632044,0,없음,0,0,없음,0,0,0.0,0.0,0,0.0,0.0,0.0,없음,없음,0.0,0,high
4135,다사632047,0,신호,1,5,기타,0,0,0.0,0.0,0,0.0,0.0,0.0,없음,없음,0.0,0,low
4136,다사632048,1,신호,1,6,기타,3,4,4.666666666666667,9.333333333333334,0,0.0,0.0,0.0,없음,없음,0.0,0,low
4138,다사632050,0,없음,0,2,기타,0,0,0.0,0.0,0,0.0,0.0,0.0,없음,없음,0.0,0,low
4141,다사632053,0,없음,0,0,없음,0,0,0.0,0.0,0,0.0,0.0,0.0,없음,없음,0.0,0,low
4143,다사632055,0,없음,0,0,없음,0,0,0.0,0.0,0,0.0,0.0,0.0,없음,없음,0.0,0,low
4149,다사632061,0,없음,0,0,없음,0,0,0.0,0.0,0,0.0,0.0,0.0,없음,없음,0.0,0,low
4150,다사632062,0,없음,0,0,없음,0,0,0.0,0.0,0,0.0,0.0,0.0,없음,없음,0.0,0,low
4151,다사632063,0,없음,0,0,없음,0,0,0.0,0.0,0,0.0,0.0,0.0,없음,없음,0.0,0,low
4155,다사632067,0,없음,0,9,국가지원지방도,1,1,8.0,20.0,0,0.0,0.0,0.0,없음,없음,0.0,0,high
4156,다사632068,0,없음,0,2,국가지원지방도,1,1,8.0,25.0,0,0.0,0.0,0.0,없음,없음,0.0,0,low
4163,다사633037,0,없음,0,1,지방도,2,1,3.0,12.5,0,0.0,0.0,0.0,없음,없음,0.0,0,low
4166,다사633040,0,속도,1,0,없음,0,0,0.0,0.0,0,0.0,0.0,0.0,없음,없음,0.0,0,low
4167,다사633041,0,없음,0,0,없음,0,0,0.0,0.0,0,0.0,0.0,0.0,없음,없음,0.0,0,low
4175,다사633049,0,없음,0,0,없음,0,0,0.0,0.0,0,0.0,0.0,0.0,없음,없음,0.0,0,low
4176,다사633050,0,없음,0,0,없음,0,0,0.0,0.0,2,10.0,360.0,400.0,없음,없음,0.0,0,low
4178,다사633052,0,없음,0,0,없음,0,0,0.0,0.0,1,10.0,360.0,300.0,없음,없음,0.0,0,low
4181,다사633055,0,없음,0,9,시도,3,1,5.0,19.33333333333333,0,0.0,0.0,0.0,없음,없음,0.0,0,low
4182,다사633056,1,없음,0,0,없음,0,0,0.0,0.0,0,0.0,0.0,0.0,없음,없음,0.0,0,low
4189,다사633063,0,없음,0,0,없음,0,0,0.0,0.0,0,0.0,0.0,0.0,없음,없음,0.0,0,low
4190,다사633064,0,없음,0,0,없음,0,0,0.0,0.0,0,0.0,0.0,0.0,없음,없음,0.0,0,high
4191,다사633065,0,없음,0,0,없음,0,0,0.0,0.0,0,0.0,0.0,0.0,없음,없음,0.0,0,low
4192,다사633066,0,없음,0,0,없음,0,0,0.0,0.0,0,0.0,0.0,0.0,없음,없음,0.0,0,low
4193,다사633067,0,없음,0,0,없음,1,1,8.0,20.0,0,0.0,0.0,0.0,없음,없음,0.0,0,high
4202,다사634038,0,없음,0,0,없음,0,0,0.0,0.0,0,0.0,0.0,0.0,없음,없음,0.0,0,low
4203,다사634039,0,없음,0,0,없음,0,0,0.0,0.0,0,0.0,0.0,0.0,없음,없음,0.0,0,low
4222,다사634058,0,없음,0,0,없음,0,0,0.0,0.0,2,10.0,360.0,450.0,없음,없음,0.0,0,low
4231,다사634067,0,없음,0,0,없음,0,0,0.0,0.0,0,0.0,0.0,0.0,없음,없음,0.0,0,low
4232,다사634068,0,없음,0,0,없음,0,0,0.0,0.0,0,0.0,0.0,0.0,없음,없음,0.0,0,low
4236,다사635035,0,없음,0,13,지방도,2,1,5.0,18.0,2,10.0,360.0,1150.0,없음,없음,0.0,0,low
4239,다사635038,0,없음,0,0,없음,0,0,0.0,0.0,0,0.0,0.0,0.0,없음,없음,0.0,0,low
4251,다사635051,0,없음,0,0,없음,0,0,0.0,0.0,0,0.0,0.0,0.0,없음,없음,0.0,0,low
4267,다사635067,0,없음,0,1,국가지원지방도,0,0,0.0,0.0,0,0.0,0.0,0.0,없음,없음,0.0,0,low
4269,다사635069,0,없음,0,0,없음,0,0,0.0,0.0,0,0.0,0.0,0.0,없음,없음,0.0,0,low
4270,다사636035,0,없음,0,2,지방도,0,0,0.0,0.0,0,0.0,0.0,0.0,없음,없음,0.0,0,low
4271,다사636036,0,없음,0,0,없음,0,0,0.0,0.0,0,0.0,0.0,0.0,없음,없음,0.0,0,low
4272,다사636037,0,없음,0,0,없음,0,0,0.0,0.0,0,0.0,0.0,0.0,없음,없음,0.0,0,low
4287,다사636055,0,없음,0,1,기타,1,4,8.0,15.0,0,0.0,0.0,0.0,없음,없음,0.0,0,low
4288,다사636056,0,없음,0,3,기타,2,4,5.0,9.0,0,0.0,0.0,0.0,없음,없음,0.0,0,low
4289,다사636057,1,없음,0,0,없음,0,0,0.0,0.0,0,0.0,0.0,0.0,없음,없음,0.0,0,low
4293,다사636061,0,없음,0,0,없음,0,0,0.0,0.0,0,0.0,0.0,0.0,없음,없음,0.0,0,low
4299,다사636067,0,없음,0,6,국가지원지방도,1,1,8.0,21.0,0,0.0,0.0,0.0,없음,없음,0.0,0,low
4303,다사637036,0,없음,0,0,없음,0,0,0.0,0.0,0,0.0,0.0,0.0,없음,없음,0.0,0,low
4304,다사637037,0,없음,0,0,없음,0,0,0.0,0.0,0,0.0,0.0,0.0,없음,없음,0.0,0,low
4325,다사637063,0,없음,0,1,기타,0,0,0.0,0.0,0,0.0,0.0,0.0,없음,없음,0.0,0,low
4326,다사637064,0,없음,0,0,없음,1,1,6.0,20.0,0,0.0,0.0,0.0,없음,없음,0.0,0,low
4329,다사637067,0,없음,0,2,국가지원지방도,0,0,0.0,0.0,0,0.0,0.0,0.0,없음,없음,0.0,0,low
4332,다사638035,0,없음,0,0,없음,0,0,0.0,0.0,0,0.0,0.0,0.0,없음,없음,0.0,0,low
4359,다사638067,0,없음,0,4,국가지원지방도,1,1,8.0,26.0,0,0.0,0.0,0.0,없음,없음,0.0,0,low
4386,다사639067,0,없음,0,5,국가지원지방도,1,1,9.0,27.0,0,0.0,0.0,0.0,없음,없음,0.0,0,low
4409,다사640063,0,없음,0,0,없음,0,0,0.0,0.0,0,0.0,0.0,0.0,없음,없음,0.0,0,low
4411,다사640065,0,없음,0,2,국가지원지방도,0,0,0.0,0.0,0,0.0,0.0,0.0,없음,없음,0.0,0,low
4412,다사640066,0,없음,0,4,국가지원지방도,1,1,5.0,14.0,0,0.0,0.0,0.0,없음,없음,0.0,0,low
4435,다사641064,0,없음,0,0,없음,0,0,0.0,0.0,0,0.0,0.0,0.0,없음,없음,0.0,0,low
4436,다사641065,0,없음,0,0,없음,0,0,0.0,0.0,0,0.0,0.0,0.0,없음,없음,0.0,0,low
